sim_day,date,year,month,day,jrr,savage,lsen,occ,pat,por_nat,below_por,lfalls_nat
1,2019-01-01,2019,1,1,234.2,63.1,5,172.6,40,2860.6,736.1,3344.2
2,2019-01-02,2019,1,2,211.3,57,5,152,39.8,3001.1,597.5,3462
3,2019-01-03,2019,1,3,200.4,55,5,139.7,38,2992.5,480.4,3487.6
4,2019-01-04,2019,1,4,229,61,5,133.2,37,2893.4,427.9,3439.6
5,2019-01-05,2019,1,5,330,84,5,119.7,35.9,2786,407.6,3290.7
6,2019-01-06,2019,1,6,391.3,104,4,107.8,34,2698.2,389.5,3076.2
7,2019-01-07,2019,1,7,492.4,133.2,5,101,34,2655.7,381.4,3013.8
8,2019-01-08,2019,1,8,3051,1308,15,8774.7,50,7351.8,12966.2,4968.3
9,2019-01-09,2019,1,9,1426.2,789.4,10,2366.2,45.8,34246.1,17747,23893
10,2019-01-10,2019,1,10,998.1,478.2,6,1254,40.9,67563.7,11223.3,54984.6
11,2019-01-11,2019,1,11,790,319,5,508.5,37,48994.1,3522.3,60320.4
12,2019-01-12,2019,1,12,595.8,216.3,5,314,34,20719.2,1382.4,49823.3
13,2019-01-13,2019,1,13,533.4,149.9,4,236.5,34,13229.7,972.6,23838.2
14,2019-01-14,2019,1,14,494.3,127,4,212.6,33,8935.8,773,17049.6
15,2019-01-15,2019,1,15,448.6,116.3,13,213,47,7554.6,703.7,12510.2
16,2019-01-16,2019,1,16,486,111,33,8775.3,91,11957.8,12850,15724.3
17,2019-01-17,2019,1,17,444.4,109,18,942.6,65.7,11715.8,3893.3,15578.7
18,2019-01-18,2019,1,18,441.6,111,13,543.5,61,11021.9,2187.5,12253.1
19,2019-01-19,2019,1,19,427.8,108,9,379.4,55,9030.8,1459.7,11199.3
20,2019-01-20,2019,1,20,396,104,9,295.4,53,8105,1209.9,10261.8
21,2019-01-21,2019,1,21,375,98,8,262,51,6746.5,1088.5,8811.9
22,2019-01-22,2019,1,22,357,97.4,7,230.5,50,6129.6,1012.5,8121.3
23,2019-01-23,2019,1,23,424.6,113.9,89.1,934.6,229.1,6352.2,3523.8,9108.8
24,2019-01-24,2019,1,24,574.7,187,48,2951.4,235,9469.6,7686.4,14425.7
25,2019-01-25,2019,1,25,563,164.4,30,3211.4,136,12670.1,6276.4,18025.2
26,2019-01-26,2019,1,26,456.5,126,18,1520,100,15321.6,4184.7,19062.4
27,2019-01-27,2019,1,27,433.6,119,20,889,91,14987.6,2783.6,18282
28,2019-01-28,2019,1,28,751.9,250.1,182.2,7887.5,1178.2,16985.5,10892.3,25835.7
29,2019-01-29,2019,1,29,1181.6,372.7,154.2,14586.4,794,34766.9,17380.8,39304.6
30,2019-01-30,2019,1,30,1104,362.6,47.1,4000.9,295,60152.3,8197.8,52634.6
31,2019-01-31,2019,1,31,850.1,321.6,31,1425.8,180.1,46707.8,4039.5,66208.6
32,2019-02-01,2019,2,1,677.5,231,24,985.3,140.2,36614.7,2783.1,49665.7
33,2019-02-02,2019,2,2,574.7,171.9,21,661.5,122.2,25581.7,2154.4,39085.2
34,2019-02-03,2019,2,3,488.9,147.5,19,617.2,112.3,15604.3,1921.1,26104.5
35,2019-02-04,2019,2,4,659.7,185.7,182,1238.4,777.2,14342.1,3375.8,22535.1
36,2019-02-05,2019,2,5,794.7,287.5,227.2,21119.5,1678.1,61489.2,30209.5,52466.7
37,2019-02-06,2019,2,6,752,250.6,71.1,4012.2,777.2,115236.3,14839.8,95603.3
38,2019-02-07,2019,2,7,683,249,41,1396.1,255.1,71313.6,4183.9,112615.9
39,2019-02-08,2019,2,8,529,177,29.1,940.1,167.1,36926.6,2592.1,84131.9
40,2019-02-09,2019,2,9,479.3,152,22,620.1,141.2,27837.7,1974,53618.1
41,2019-02-10,2019,2,10,527.3,166,21,563.3,132,17888.3,1716,28280.9
42,2019-02-11,2019,2,11,809.1,279.1,20,501.9,125.5,13390,1576.9,19382.9
43,2019-02-12,2019,2,12,1436,471.2,30,1005.2,178,11761.6,2374.7,15397.2
44,2019-02-13,2019,2,13,844,346.6,21,745.1,140,12573.5,2229.7,14900.8
45,2019-02-14,2019,2,14,690,235.2,19,564.6,127.3,12802.6,1698,15148.4
46,2019-02-15,2019,2,15,584.3,191,18,477,122,12530.6,1516,15043
47,2019-02-16,2019,2,16,507.7,177.3,17,451.7,112.3,10790.5,1460.5,13932.9
48,2019-02-17,2019,2,17,524,177,32.1,511.6,141,9150.9,1617.2,12185.4
49,2019-02-18,2019,2,18,695.5,249.6,43,1733.6,189.4,9289.9,3329.2,12370
50,2019-02-19,2019,2,19,1220.3,495,35.1,4022.7,195,12253.4,8226.7,15661.3
51,2019-02-20,2019,2,20,844.9,359,25,1749.6,152,14733.5,4861.9,17666.2
52,2019-02-21,2019,2,21,741.4,261.4,23,963,142,15178.2,2999.7,18980.1
53,2019-02-22,2019,2,22,606.6,196,21,677.2,139,13468.6,2193.9,17246.2
54,2019-02-23,2019,2,23,558.9,185,38.1,594.3,168,12179,2132.3,15854.4
55,2019-02-24,2019,2,24,744.7,257.6,74,2585,302.7,12296.5,7035.2,16289.8
56,2019-02-25,2019,2,25,778.2,276.6,44,2781,239.4,22687.6,9100.7,23872
57,2019-02-26,2019,2,26,601.9,192.6,32,1635.3,182.3,27432.2,5789.9,33639.4
58,2019-02-27,2019,2,27,488,160,27,851.3,154.4,20437.7,3144.8,32662.7
59,2019-02-28,2019,2,28,441.9,141,26,640.6,150.2,15583,2488.8,22804.8
60,2019-03-01,2019,3,1,452.9,144,24,555.6,144,12505.4,2210,17227.6
61,2019-03-02,2019,3,2,450,149,23.3,489.7,141.3,11409.3,2053.1,15377.9
62,2019-03-03,2019,3,3,416.5,134,32.2,479.4,156,10448.4,2319,14049.7
63,2019-03-04,2019,3,4,374.1,126.5,27,468.1,148.2,10388.5,2592.9,13388.6
64,2019-03-05,2019,3,5,372.6,125.1,25,411.2,144,10027.6,2386.1,13135.2
65,2019-03-06,2019,3,6,348.6,120,24,381.9,142,9451.9,2091.6,12416.1
66,2019-03-07,2019,3,7,334.4,115.6,23,345.9,137.6,9271.2,1885.8,11681.7
67,2019-03-08,2019,3,8,332,111,26,383.4,143,9144.2,1932.5,11487.3
68,2019-03-09,2019,3,9,443.9,173.4,69,2786.9,372.8,9518.9,6832.3,13133.2
69,2019-03-10,2019,3,10,574.7,196.6,36.1,2000.5,236.1,12970.8,6832.5,16472.6
70,2019-03-11,2019,3,11,445.9,153.9,28,857.5,173.2,15928.4,3550,18961
71,2019-03-12,2019,3,12,389.1,129.5,26,561.3,154.2,15519.6,2638.2,19479.7
72,2019-03-13,2019,3,13,371.5,116,24,449.4,147,13190.6,2239.3,17784.3
73,2019-03-14,2019,3,14,338,111,22,386.4,143.3,11627,1964.4,15428.3
74,2019-03-15,2019,3,15,337.4,111,22,356,137.3,9972.7,1824.3,14293.9
75,2019-03-16,2019,3,16,321,110.4,21.4,309.6,134,9483.7,1747.8,13189.1
76,2019-03-17,2019,3,17,307,104.7,21,296.6,131.4,9271.4,1676.7,11780.1
77,2019-03-18,2019,3,18,331.1,110.4,26,447.9,140.3,9032.6,1731.9,11159
78,2019-03-19,2019,3,19,695.8,212.1,88.1,6225.6,278.6,11403.8,7386.9,14494.6
79,2019-03-20,2019,3,20,634,191.4,42,2900.7,182.2,16113.7,5202.7,18985.2
80,2019-03-21,2019,3,21,1043.9,420.3,169,17649.2,654.2,31896.1,22915.9,32431.9
81,2019-03-22,2019,3,22,989.5,355.4,66.2,4972.2,320.8,48025.1,11996.1,54561.7
82,2019-03-23,2019,3,23,701.2,221.8,44,1902.8,224.2,43064.5,6043.6,58355.8
83,2019-03-24,2019,3,24,540,178,33,946.8,180,28463.9,3680.6,48624.4
84,2019-03-25,2019,3,25,432.6,147,29,646.1,170,21117.7,2927.3,32444.6
85,2019-03-26,2019,3,26,386.3,116.7,27,552,154,16431.5,2539.2,23800.1
86,2019-03-27,2019,3,27,357,106,24,497.5,149.4,12899.7,2149.2,18971.3
87,2019-03-28,2019,3,28,336.5,93,23,457.8,148,10850.4,2038.9,15858.4
88,2019-03-29,2019,3,29,316.6,85.5,21,425,140.4,10177,1883.1,13080.2
89,2019-03-30,2019,3,30,295,82,21,386.5,135,9550,1822.5,12004.6
90,2019-03-31,2019,3,31,278,77,19,356,126.5,9051.1,1770.8,10892.6
91,2019-04-01,2019,4,1,269.7,73,19,313,120,8173.4,1702.1,10051.7
92,2019-04-02,2019,4,2,278,75,32,383,141.4,8352.8,3161,10892.6
93,2019-04-03,2019,4,3,288.6,75,21,380.4,124,8255.5,2716.7,11558.5
94,2019-04-04,2019,4,4,270,73,23.4,343,128.5,7462.7,2007.6,11044.3
95,2019-04-05,2019,4,5,278,73,21,392.4,121.5,7171.3,1743.8,9894.4
96,2019-04-06,2019,4,6,265,66,18,334,112.5,7042.8,1549,9613.9
97,2019-04-07,2019,4,7,237.6,60.8,16,292,107,6809.2,1394.6,9264.1
98,2019-04-08,2019,4,8,214.7,53,15,264,102,6715,1327.3,8832.2
99,2019-04-09,2019,4,9,205.9,54,43,311,161.3,6714.4,2230.5,9612.1
100,2019-04-10,2019,4,10,526.4,185.7,47.2,792,212,8060.3,6010.3,11705.4
101,2019-04-11,2019,4,11,497.8,174,26,617,154,8880.9,4879.4,13278.6
102,2019-04-12,2019,4,12,377,109,22,455.3,133,10458.3,3010.1,13418.6
103,2019-04-13,2019,4,13,321,87,20,382.8,122,11492.1,2263.8,14002.2
104,2019-04-14,2019,4,14,273.1,77,16,331.4,114,9809,1876.4,13084
105,2019-04-15,2019,4,15,244.8,64.8,15.6,300.9,109,8692.4,1714.4,11824.1
106,2019-04-16,2019,4,16,232.7,58,15,404,104,7253.6,1638.5,10753.3
107,2019-04-17,2019,4,17,218.9,53,17,354,101,6864.3,1492.5,9805.3
108,2019-04-18,2019,4,18,205,47.9,17,288.9,100,6587.5,1373.8,9007.4
109,2019-04-19,2019,4,19,248,68,27,256,121.4,6481.6,1714.1,8512.6
110,2019-04-20,2019,4,20,901.8,384.6,39,826.7,179.3,7941.4,4586.4,9690.7
111,2019-04-21,2019,4,21,780.7,282,23,710.9,146.2,13310.7,4630,13639.3
112,2019-04-22,2019,4,22,602.4,182.5,21,483.3,138,17312.4,3037.3,18371.5
113,2019-04-23,2019,4,23,447,131,19,339,128.6,17165.3,2483.9,21019.9
114,2019-04-24,2019,4,24,388,104.5,17,290.4,120,14327,2076.1,18575
115,2019-04-25,2019,4,25,350.9,93,16,268.2,113.4,10428.6,1829.4,16218.1
116,2019-04-26,2019,4,26,319,82,16,244.8,108,8794.5,1671.6,13496.7
117,2019-04-27,2019,4,27,471.1,145,17,233,112,8181.9,1780.5,11159.3
118,2019-04-28,2019,4,28,477.3,149,15,219.5,104.4,8000.8,1909.3,9742
119,2019-04-29,2019,4,29,396,119.4,14,203,98,8166.9,1669.3,9364.9
120,2019-04-30,2019,4,30,358.9,102,13,183.5,93,8173.8,1460,9133.4
121,2019-05-01,2019,5,1,322,93,14,170,92,7856.7,1309.9,9287.5
122,2019-05-02,2019,5,2,296,83,20,165,105,7059.8,1280.3,9364.7
123,2019-05-03,2019,5,3,417,124,27.1,546.9,121,7857.3,2266.2,9408.1
124,2019-05-04,2019,5,4,405.7,122.4,23,1145.8,125,8565.5,2620.5,10348
125,2019-05-05,2019,5,5,1197,507.8,21.2,625.6,124,8639,2509.8,11019.7
126,2019-05-06,2019,5,6,957.1,428.8,25,437,165,9579.4,3471.3,11563.5
127,2019-05-07,2019,5,7,580.9,256.6,17,272.2,135.5,15597.1,3020.5,14636.2
128,2019-05-08,2019,5,8,458.5,170.7,33.1,2093,196.2,19809.7,3934.9,20077.3
129,2019-05-09,2019,5,9,433,162.3,24,2538.1,179,19097.2,6852.3,27307.2
130,2019-05-10,2019,5,10,411,127.7,18.3,1499.1,153,17672.3,4044.8,26555.9
131,2019-05-11,2019,5,11,355,105.4,16,778.3,130,15734.6,2742.4,22912.7
132,2019-05-12,2019,5,12,319.9,94,24.2,525.3,167.1,14021.3,3274.9,19182.9
133,2019-05-13,2019,5,13,311.5,91,20,549.9,161,12917.4,4043,17693.2
134,2019-05-14,2019,5,14,278,83,17,621.6,140,11366.3,3407.5,15646.3
135,2019-05-15,2019,5,15,260.1,81.1,16,438.3,130,10227.1,2505,13346.7
136,2019-05-16,2019,5,16,237.1,75,15,343.2,121,9237.9,2030.7,12081.6
137,2019-05-17,2019,5,17,233,79,14,296,117,8549.1,1727.2,10830.4
138,2019-05-18,2019,5,18,220,69.6,12,253.4,110.3,7634.7,1564,9961.9
139,2019-05-19,2019,5,19,193.7,62,12,213,105,7019.7,1505.6,9277.7
140,2019-05-20,2019,5,20,177,58,11,185.3,99,6619.5,1402.4,8417.8
141,2019-05-21,2019,5,21,184,58,11,165.4,96,5931.6,1261.8,7825.6
142,2019-05-22,2019,5,22,177.7,55,10,133.5,90,5552.4,1207.1,7275.9
143,2019-05-23,2019,5,23,154,48,10,120.6,86,5111.9,1124.4,6690.2
144,2019-05-24,2019,5,24,141,44,9,106.6,82,4934.9,1032.6,6306.4
145,2019-05-25,2019,5,25,139,43,9,97,73,4704.3,968.4,5778.8
146,2019-05-26,2019,5,26,193,58,8,106.6,67.6,4537.7,899,5503
147,2019-05-27,2019,5,27,161,44,8,90,63,4260.7,843.9,5296.6
148,2019-05-28,2019,5,28,138.8,39,8,79,60.7,4113.5,793.2,5141.2
149,2019-05-29,2019,5,29,118,33,7,67.8,56.7,3926.2,737.6,4901.5
150,2019-05-30,2019,5,30,102.8,29,7,58,54,3672.5,661,4671.6
151,2019-05-31,2019,5,31,97.9,25,7,53,50,3450,606.1,4400.3
152,2019-06-01,2019,6,1,154,43,6,58.8,59.7,3439,816,4365.5
153,2019-06-02,2019,6,2,138.1,36.7,6,54.8,50.7,3411.9,744,4259.8
154,2019-06-03,2019,6,3,119.5,31.5,7,48,49.7,3292.7,635.1,4148.4
155,2019-06-04,2019,6,4,109,29,8,43,47,3193.1,571.3,3916.4
156,2019-06-05,2019,6,5,101,28,6,40.8,44,3107.9,549.4,3767
157,2019-06-06,2019,6,6,98,25,6,37,43,2961.6,502,3700.3
158,2019-06-07,2019,6,7,95.6,23,5,34.9,41,2926.5,487.5,3544.4
159,2019-06-08,2019,6,8,92,21,5,34,38,2836.7,459,3447.7
160,2019-06-09,2019,6,9,86,19,5,33,36,2699.1,449.8,3304.7
161,2019-06-10,2019,6,10,116.7,25,8,155,42,2612,494,3284.1
162,2019-06-11,2019,6,11,152,35,6,327.7,36,2586,532.9,3127.9
163,2019-06-12,2019,6,12,175,41,14,243.2,62,2627,717.3,3454.3
164,2019-06-13,2019,6,13,243.5,61,33.2,309.3,97,2833.8,1099.7,3769.7
165,2019-06-14,2019,6,14,396.3,100,37.1,1180.5,121.1,3250.4,2107.7,4657.4
166,2019-06-15,2019,6,15,368.3,86,18,1075.9,98,3598.2,1743.7,5185.9
167,2019-06-16,2019,6,16,394.3,82,13,906.5,85.3,3770.1,1480.5,5111.1
168,2019-06-17,2019,6,17,668.2,151.1,12,1797.6,80,4314.9,1743.7,5479
169,2019-06-18,2019,6,18,606.6,231.2,10,1591.9,75.3,5731.8,2107.7,6561.8
170,2019-06-19,2019,6,19,689.2,268.3,9,851.5,75,6273.1,1651.9,7387.2
171,2019-06-20,2019,6,20,538.4,268,12,525.4,78.3,6684.6,1381.7,7913.1
172,2019-06-21,2019,6,21,424.8,126.3,12,360.6,75,6475.5,1385.2,8062.5
173,2019-06-22,2019,6,22,325.3,86,9,288.4,65.3,6066.5,1130.1,7646.6
174,2019-06-23,2019,6,23,279.2,66,13,257,72,5879.8,1118.7,7392.2
175,2019-06-24,2019,6,24,246.2,53,34.1,772.1,114.3,5755.1,1396.3,7561.6
176,2019-06-25,2019,6,25,214,48.4,12,640.4,83,5755,1396.3,7387.2
177,2019-06-26,2019,6,26,193,40.2,9,377.2,75,5754.9,1182,7057.5
178,2019-06-27,2019,6,27,197,40,9,267.2,67.3,5375.4,953.9,6823.5
179,2019-06-28,2019,6,28,347,65,10,297.8,68.5,4766,996.5,6256.1
180,2019-06-29,2019,6,29,599.2,97,9,361.5,63,3959.7,954,5183.5
181,2019-06-30,2019,6,30,509.2,82.1,8,257.8,62,3720.4,836.7,4764
182,2019-07-01,2019,7,1,723.9,126.1,7,200.1,58,3690.1,817.5,4199.8
183,2019-07-02,2019,7,2,610.4,115.1,7,173.2,55,3860.2,730.3,4163.8
184,2019-07-03,2019,7,3,424.7,77,7,153.7,52,3969.6,682,4727.5
185,2019-07-04,2019,7,4,325.4,55.3,7,145.5,50,3959.5,612,4904.6
186,2019-07-05,2019,7,5,250,44,7,120,47,3750.2,541,4904.4
187,2019-07-06,2019,7,6,202.2,36,7,102,45,3308.7,506.1,4546.8
188,2019-07-07,2019,7,7,175,28,6,80,42,3063.2,465.8,3987.5
189,2019-07-08,2019,7,8,191,33,9,70.4,62,2915.9,795.5,3708.6
190,2019-07-09,2019,7,9,235.3,40,9,80.4,52.3,2915.9,855.1,3641.6
191,2019-07-10,2019,7,10,220,33,6,78,46,2724.5,725,3361.7
192,2019-07-11,2019,7,11,191,26,6,59.4,43,2490.4,606.4,3168
193,2019-07-12,2019,7,12,165.8,21,6,46,42,2365,500.8,2892.4
194,2019-07-13,2019,7,13,135,18,6,40,39,2252.9,454.5,2786.3
195,2019-07-14,2019,7,14,128,17,6,34.6,38,2139.5,400,2695.7
196,2019-07-15,2019,7,15,114,14,5,27,36,1983.6,363.7,2569.5
197,2019-07-16,2019,7,16,104.2,12,5,23,35,1891.9,349.6,2383.1
198,2019-07-17,2019,7,17,98,11,5,18,33,1774.1,309.6,2237.1
199,2019-07-18,2019,7,18,92,10,5,17,31,1647.6,284.6,2066.5
200,2019-07-19,2019,7,19,83,9,5,15,30,1612.3,262.7,1902.7
201,2019-07-20,2019,7,20,72.7,7.7,5,13,28.7,1527,243.7,1820.7
202,2019-07-21,2019,7,21,62,6,5,10,26,1490.8,235.7,1741.5
203,2019-07-22,2019,7,22,56,6,3,5,25,1447,213.7,1683.4
204,2019-07-23,2019,7,23,51.8,5,3,4,24,1399.9,199.5,1645.5
205,2019-07-24,2019,7,24,64,6,3,31.6,29,1376.5,208.7,1569
206,2019-07-25,2019,7,25,62,6,3,26,23,1322.1,202.7,1527.4
207,2019-07-26,2019,7,26,54.8,5,3,18,21,1291.8,185,1511.6
208,2019-07-27,2019,7,27,49,5,3,15,20,1279.6,169.6,1453.8
209,2019-07-28,2019,7,28,43,5,3,9,19,1225.6,157.6,1421.5
210,2019-07-29,2019,7,29,41,4,3,5,18,1188.4,143.8,1391.1
211,2019-07-30,2019,7,30,38,3,3,5,18,1166.8,141,1362.8
212,2019-07-31,2019,7,31,68.7,7.6,13,4,41,1233.4,489.7,1453.7
213,2019-08-01,2019,8,1,72,8,4,4,28,1271,359.5,1502.2
214,2019-08-02,2019,8,2,62.7,6,3,4,23,1233.3,244,1514.8
215,2019-08-03,2019,8,3,51,5,3,4,20,1167.8,202,1423.6
216,2019-08-04,2019,8,4,45,4,3,4,19,1108.2,181.4,1379.4
217,2019-08-05,2019,8,5,38,4,3,4,18,1060.1,164.8,1324.9
218,2019-08-06,2019,8,6,34,3,1,4,17,1026.7,150.6,1272
219,2019-08-07,2019,8,7,28,3,1,4,17,1015.1,143,1235.5
220,2019-08-08,2019,8,8,26,2,1,4,16,990,138.8,1193
221,2019-08-09,2019,8,9,24,2,1,4,15,985.7,134.8,1163.9
222,2019-08-10,2019,8,10,34.9,3,4,0,17,979.9,145.8,1169.6
223,2019-08-11,2019,8,11,319.1,26,6,53,21,1070.8,299,1277.8
224,2019-08-12,2019,8,12,210.4,23,3,41,17,1183.5,268.1,1291.5
225,2019-08-13,2019,8,13,156.3,18,3,23,15,1299.7,204.3,1369.7
226,2019-08-14,2019,8,14,122,13,3,11,14,1299.7,184.7,1433.7
227,2019-08-15,2019,8,15,244,44,1,35,14,1182,180,1488.6
228,2019-08-16,2019,8,16,223.3,46.1,1,24.6,14,1165.5,170.7,1483.5
229,2019-08-17,2019,8,17,272.5,65.3,3,13,14,1182,205.7,1532
230,2019-08-18,2019,8,18,418,141.2,3,11,14,1467.1,295.9,1659.6
231,2019-08-19,2019,8,19,426.8,119.7,3,8,12,1533.5,231.2,1734
232,2019-08-20,2019,8,20,289.4,59,2,4,12,1565.7,186,1746.1
233,2019-08-21,2019,8,21,220.2,40.1,2,3,10,1595,161.5,1734
234,2019-08-22,2019,8,22,165,26,2,3,10,1586.5,143,1818.2
235,2019-08-23,2019,8,23,147.5,22,2,3,9,1484,135.8,1852.3
236,2019-08-24,2019,8,24,129,21,2,3,9,1390.6,127,1762.6
237,2019-08-25,2019,8,25,124.6,19.4,2,3,7.9,1309,119.9,1619.6
238,2019-08-26,2019,8,26,111,18,2,3,8,1298,118,1444.1
239,2019-08-27,2019,8,27,98,18,3,3,26.5,1275,117,1316.5
240,2019-08-28,2019,8,28,88,15,2.7,2,14,1200.3,116,1260.4
241,2019-08-29,2019,8,29,79.9,13,2,2,9,1163,112.9,1196.8
242,2019-08-30,2019,8,30,73,12,2,2,8,1082.2,105.9,1174.6
243,2019-08-31,2019,8,31,67.6,10,2,2,7,1033.5,99.9,1135.7
244,2019-09-01,2019,9,1,62,9,2,2,6,939.7,87,1033.8
245,2019-09-02,2019,9,2,54,8,2,2,8,911.9,83,971.7
246,2019-09-03,2019,9,3,50,7,1,2,8,887.9,82,942.6
247,2019-09-04,2019,9,4,43.7,6,1,2,7,876.5,74.9,896
248,2019-09-05,2019,9,5,39.8,6,0,2,6,833.9,65.9,879.8
249,2019-09-06,2019,9,6,36,4,0,2,4,795,61.9,842.9
250,2019-09-07,2019,9,7,33,4,0,2,4,780.9,57,816.7
251,2019-09-08,2019,9,8,42.5,5,3,29,14,780.9,112,816.7
252,2019-09-09,2019,9,9,51,6,2,34.4,10,782.8,126,834.9
253,2019-09-10,2019,9,10,49,5,2,23,6,758.7,116.8,834.8
254,2019-09-11,2019,9,11,46.4,5,2,16,5,745.9,102.7,809.4
255,2019-09-12,2019,9,12,43,4,2,10,3,730.7,91.9,764.5
256,2019-09-13,2019,9,13,38.8,4,0,6,3,695.9,78,754.7
257,2019-09-14,2019,9,14,32,4,0,3,3,653.2,63.9,711.4
258,2019-09-15,2019,9,15,29.9,3,0,3,3,637.8,58,684.8
259,2019-09-16,2019,9,16,28,3,0,2,2.9,619.6,56,630.3
260,2019-09-17,2019,9,17,24,3,2,2,3.7,619.6,55,589.5
261,2019-09-18,2019,9,18,23,2,6,35,12.8,654.2,68,748.7
262,2019-09-19,2019,9,19,21,2,2,24.6,4,667.4,65.9,691.7
263,2019-09-20,2019,9,20,24,2,2,17.7,3.3,654.2,63.9,642.9
264,2019-09-21,2019,9,21,27.9,3,2,12.7,3.5,637.8,63.9,589.5
265,2019-09-22,2019,9,22,56,5,6,6,17.7,672.8,117.9,895.7
266,2019-09-23,2019,9,23,68,8,2,16,10,694.9,119,842.5
267,2019-09-24,2019,9,24,66,8,2,16,7,695.9,118.9,796.4
268,2019-09-25,2019,9,25,64,7,2,12,5,695.9,117.9,754.8
269,2019-09-26,2019,9,26,60,6,2,6,5,654.4,116,752.8
270,2019-09-27,2019,9,27,54,6,2,5,4,554.4,113.9,752.6
271,2019-09-28,2019,9,28,51,5.6,1,4,4,447.9,110,742.8
272,2019-09-29,2019,9,29,47,5,1,4,4,496.5,108.9,737.3
273,2019-09-30,2019,9,30,53,6,1,3,5,522.7,107,691.8
274,2019-10-01,2019,10,1,54,6,1,3,4,533.9,106,639.1
275,2019-10-02,2019,10,2,51,5,1,4,4,554.8,106,592.7
276,2019-10-03,2019,10,3,47,5,1,4,5,554.9,105,590.1
277,2019-10-04,2019,10,4,47,5,1,4,5,549.9,116,611.4
278,2019-10-05,2019,10,5,49,6,1,4,6,622.9,115,635.6
279,2019-10-06,2019,10,6,47,5,1,4,6,614.4,111.9,670
280,2019-10-07,2019,10,7,45,5,1,4,6,622.9,109,686.6
281,2019-10-08,2019,10,8,43,4.8,15,14,27,640.9,131,892
282,2019-10-09,2019,10,9,43,5,6.3,28.6,21,709.8,207,914.6
283,2019-10-10,2019,10,10,45,5,3,38,13,709.8,178.1,920.3
284,2019-10-11,2019,10,11,45,5,2,26,11,700.9,149,893
285,2019-10-12,2019,10,12,44.5,5,2,19,10,679.9,133,885.8
286,2019-10-13,2019,10,13,43,5,2,11,8,653.8,124.9,872.6
287,2019-10-14,2019,10,14,43,5,2,9,8,634.8,117.9,855
288,2019-10-15,2019,10,15,41,4,2,7,8,614.6,115.9,841.8
289,2019-10-16,2019,10,16,39.8,4,2,4,8,538,109.9,805.4
290,2019-10-17,2019,10,17,39,4,2,2,8,517.7,107,737.7
291,2019-10-18,2019,10,18,38,4,2,2,8,506.6,106,737.9
292,2019-10-19,2019,10,19,36,4,2,2,8,502.7,104,585.3
293,2019-10-20,2019,10,20,34,4,2,2,10,497.5,97,565.6
294,2019-10-21,2019,10,21,30,3.9,2,4,10,482.6,97,552.3
295,2019-10-22,2019,10,22,35.8,4,2,4,10,478.3,96,552.8
296,2019-10-23,2019,10,23,38,4,2,4,5,479.9,94,546.1
297,2019-10-24,2019,10,24,35.8,4,2,2,5.1,476.6,94,541.8
298,2019-10-25,2019,10,25,30,3,2,2.2,5.2,481.2,94,538.2
299,2019-10-26,2019,10,26,28,3,2,2.6,5.7,473,93,535.7
300,2019-10-27,2019,10,27,26,3,2,2.8,6.1,462,93,530.5
301,2019-10-28,2019,10,28,25.9,3,2,3.2,6.1,449.1,93,533.3
302,2019-10-29,2019,10,29,24,3,2,3.5,6.2,443.6,92,534.9
303,2019-10-30,2019,10,30,24,3,2,3.7,6.4,435.6,92,524.9
304,2019-10-31,2019,10,31,24,3,2,4,6.6,436.3,71.7,518.2
305,2019-11-01,2019,11,1,24,3,2,4,6.7,435.3,69.6,506.4
306,2019-11-02,2019,11,2,24,3,2,11,4.4,429.8,67.9,504.3
307,2019-11-03,2019,11,3,24,3,2,15,4.4,426,66.4,502.5
308,2019-11-04,2019,11,4,28,3,2,44,4.4,423.7,68,504
309,2019-11-05,2019,11,5,33.9,3,1,38,4.6,421,67.8,498
310,2019-11-06,2019,11,6,34,3,1.1,34,4.9,421.3,68.6,493.8
311,2019-11-07,2019,11,7,31.9,3,1.1,31.9,5,424,67.9,489.4
312,2019-11-08,2019,11,8,31.9,3,1.1,22,5.2,420.2,68.3,481.3
313,2019-11-09,2019,11,9,29.9,3,1.1,19,5.4,411.2,68,477.9
314,2019-11-10,2019,11,10,29.9,3,1.1,19,5.5,404.4,68.7,476.1
315,2019-11-11,2019,11,11,28,3,6,38,19,428,128,571.2
316,2019-11-12,2019,11,12,29.9,3,4,36,12.4,443.5,134,556.6
317,2019-11-13,2019,11,13,29.9,3,3,33,9.7,442.3,133,538.5
318,2019-11-14,2019,11,14,28,3,3,31,9.9,440.3,132,516.9
319,2019-11-15,2019,11,15,28,3,3,26.9,10.1,439,130,507.7
320,2019-11-16,2019,11,16,28,3,1.3,22,10.2,434,128,500.1
321,2019-11-17,2019,11,17,28,3,1.3,19,10.1,427,88.2,493.7
322,2019-11-18,2019,11,18,28,3,1.3,18,6.8,425.7,85.7,489.1
323,2019-11-19,2019,11,19,26,3,1.3,18,6.7,429.3,85,481.2
324,2019-11-20,2019,11,20,26,3,1.3,17,6.7,434.2,81.9,479.6
325,2019-11-21,2019,11,21,14.3,0,1.3,18,6.6,441.1,74.7,476.7
326,2019-11-22,2019,11,22,13.3,0,1.3,18,6.6,439.2,72.9,480.3
327,2019-11-23,2019,11,23,12.9,0,1.3,17,6.7,443.9,69.9,484.2
328,2019-11-24,2019,11,24,10.6,0,1.3,17,6.7,446.2,67.3,486
329,2019-11-25,2019,11,25,10.4,0,1.3,17,6.9,443.1,65.3,484.6
330,2019-11-26,2019,11,26,11.5,0,5.7,19,24,449.7,136,663.3
331,2019-11-27,2019,11,27,24,0.4,4,26.9,22,470.2,150.7,599.7
332,2019-11-28,2019,11,28,28,3,3,23.9,10.1,476,150.8,569.2
333,2019-11-29,2019,11,29,23,3,3,22,9.9,471,150.8,540
334,2019-11-30,2019,11,30,21,3,3,21,9.2,461.6,150.8,529.3
335,2019-12-01,2019,12,1,18.5,0.7,1.3,19,9.1,442.8,150.9,525.5
336,2019-12-02,2019,12,2,16.2,0.6,1.2,19,8.5,423.9,135,501.1
337,2019-12-03,2019,12,3,12.9,0.5,1.2,19,8.5,404.5,135,484.1
338,2019-12-04,2019,12,4,10.8,0.3,1.2,16,5.3,384,57.1,463
339,2019-12-05,2019,12,5,9.3,0.3,1.1,16,4.9,371.2,52.9,437.1
340,2019-12-06,2019,12,6,9,0.3,1.1,16,4.8,362.4,48.4,405.7
341,2019-12-07,2019,12,7,7.7,0.2,1.1,16,4.9,354.7,47.3,386.5
342,2019-12-08,2019,12,8,10.2,0.2,3,16,5.1,350.5,49.4,401.5
343,2019-12-09,2019,12,9,56,3,14,91.8,33,440.3,161,1074
344,2019-12-10,2019,12,10,70.9,3,4,50.9,24,506.9,157,629.3
345,2019-12-11,2019,12,11,69,4,3,30.9,10.2,534.8,150,555
346,2019-12-12,2019,12,12,66,3,3,26,9.9,541.3,149,523.7
347,2019-12-13,2019,12,13,59.9,3,5,46.9,25,515.6,149,642.6
348,2019-12-14,2019,12,14,53,3,4,46.9,24,485.6,149,695.1
349,2019-12-15,2019,12,15,50.9,3,4,32,11.9,453.4,97.5,664.5
350,2019-12-16,2019,12,16,52.9,3,3,28,9,471.2,88.8,631.8
351,2019-12-17,2019,12,17,52.9,3,3,26,8.7,499,82,545.8
352,2019-12-18,2019,12,18,53,3,3,25,8.6,532.3,76.4,508.7
353,2019-12-19,2019,12,19,56,3,3,25,8.6,548.8,71,431.8
354,2019-12-20,2019,12,20,59.4,3.7,3,25,6.7,567.1,67.2,435.8
355,2019-12-21,2019,12,21,57.4,3.3,3,23,6.8,583.3,62.3,453.9
356,2019-12-22,2019,12,22,87.9,3,3,9.1,6.9,590,58.5,467.5
357,2019-12-23,2019,12,23,97.7,3,1.2,8.6,7,576.6,55.3,480.8
358,2019-12-24,2019,12,24,81,3,3,8.6,9.6,516.6,54.6,486.3
359,2019-12-25,2019,12,25,81,3,1.2,7.5,7.3,452.5,51.9,489.7
360,2019-12-26,2019,12,26,71,2.8,1.2,7.5,7.1,423.5,48.3,484.4
361,2019-12-27,2019,12,27,64,2.7,1.2,26,7.1,392.7,44.2,467.2
362,2019-12-28,2019,12,28,56,2.5,4,27,14.2,370.1,46.6,497.8
363,2019-12-29,2019,12,29,58,2.6,5,27,25,368.3,58.2,542.2
364,2019-12-30,2019,12,30,81,2.8,4,27,24,374.3,64.6,535.4
365,2019-12-31,2019,12,31,83.9,2.9,4,28,11.2,377.6,60.7,484.8
366,2020-01-01,2020,1,1,81,3.2,4,28,8.7,381.9,61.1,426.1
367,2020-01-02,2020,1,2,81,3.4,3,28,8.5,385.1,59.9,415.1
368,2020-01-03,2020,1,3,83.9,3,26,102.6,51,455.7,273.9,1098.3
369,2020-01-04,2020,1,4,79,3.9,9,137.7,36.9,739.9,357.1,1117.9
370,2020-01-05,2020,1,5,79,3.5,5,104.8,30,770.9,380.9,1112.7
371,2020-01-06,2020,1,6,64,3.7,4,63,28,770.9,294.7,1112.7
372,2020-01-07,2020,1,7,61.1,4,4,46,28,739.9,273.8,1059.5
373,2020-01-08,2020,1,8,56.8,4.2,4,42.9,28,707,198.5,1155
374,2020-01-09,2020,1,9,111,9,28.2,136,50,718.9,381.4,1247.8
375,2020-01-10,2020,1,10,150,21,10,194,39.8,739.9,614.5,1261.6
376,2020-01-11,2020,1,11,120,20.9,5,104.8,33,770.9,433.9,1261.7
377,2020-01-12,2020,1,12,114,20.9,8,70,33,1032.5,396.8,1343.8
378,2020-01-13,2020,1,13,165.8,23,16,95,50,1037.9,628.5,1426.1
379,2020-01-14,2020,1,14,288.1,40,19,138.8,51,1473.6,827.9,2022.9
380,2020-01-15,2020,1,15,328.4,55,15,202,51,1504.4,863.1,2047
381,2020-01-16,2020,1,16,250.6,40,15,176.7,49,1446.7,680.8,2031.3
382,2020-01-17,2020,1,17,266.7,40,21,232.1,53,1477.3,680.8,2022.9
383,2020-01-18,2020,1,18,586,113.6,47.1,305.8,96,1532.4,1490.7,2295.3
384,2020-01-19,2020,1,19,849.4,281.8,21,388.1,75,1543.4,4137.2,2691
385,2020-01-20,2020,1,20,786.2,249.8,16,296.4,65,2156.5,4609.6,4700
386,2020-01-21,2020,1,21,660,188.6,15,236.5,63,3817.8,2840.8,5853.4
387,2020-01-22,2020,1,22,633.2,171.4,12,274,62.7,4925.3,1444.7,6045.5
388,2020-01-23,2020,1,23,828.9,246,18,1007.9,80,5167.3,1934.5,7487.9
389,2020-01-24,2020,1,24,1127.9,433.5,58,2513.4,140.2,6224.5,5161.1,9810.7
390,2020-01-25,2020,1,25,1054.9,419.7,21,1910,100.4,10120.9,6276.4,14424
391,2020-01-26,2020,1,26,850.8,343,15,1085,81.5,13121.2,4131.8,17968.5
392,2020-01-27,2020,1,27,726.2,250.1,12,552.8,73.6,12455.1,2247.7,16439.5
393,2020-01-28,2020,1,28,657.3,231.5,12,400.4,67,9479.9,1457.4,13339.2
394,2020-01-29,2020,1,29,599.5,214.2,10.7,303,64.7,6780.7,1172.5,11076.9
395,2020-01-30,2020,1,30,548.8,185,10,251.5,62,4867.5,1024.4,8524.6
396,2020-01-31,2020,1,31,507.4,166,10,228,61,3989.3,923.2,6406.6
397,2020-02-01,2020,2,1,459,152.2,9,191.2,60,3489,849.9,4982.5
398,2020-02-02,2020,2,2,441.5,149,22,324.4,88,3316.4,1337.3,4326.7
399,2020-02-03,2020,2,3,465.5,149,14,354.4,73.6,3266.4,1465.6,4167.2
400,2020-02-04,2020,2,4,443.5,147.5,10,264.1,63,3105.5,1319.3,4133.9
401,2020-02-05,2020,2,5,417,141.8,9,205.4,61,3048.1,1149.6,4077.2
402,2020-02-06,2020,2,6,418.5,141.8,8.8,175.3,58,3025.5,941.6,4030.2
403,2020-02-07,2020,2,7,436.2,149,8.8,160,57,2949.2,847,3955.3
404,2020-02-08,2020,2,8,874,372,8.8,153.5,54,2944,1460.4,3989.7
405,2020-02-09,2020,2,9,701.1,263.9,8,145.8,53,2938.1,1283,4030.3
406,2020-02-10,2020,2,10,570.9,221,8,141,51.9,2908.2,971,3927.9
407,2020-02-11,2020,2,11,465.7,167.8,7.9,137.8,53.9,2901.4,778.1,3828.6
408,2020-02-12,2020,2,12,405.4,138,7,120.9,53,2871.8,728.9,3795.6
409,2020-02-13,2020,2,13,387,129,11,166,55,2781.8,734.1,3692.3
410,2020-02-14,2020,2,14,363,125.3,7,142.6,51.9,2520.9,652.5,3575.3
411,2020-02-15,2020,2,15,336.2,119,7,109.8,51.9,2424.1,623.3,3441.1
412,2020-02-16,2020,2,16,327,113,7,96.9,51,2359.4,559,3080.6
413,2020-02-17,2020,2,17,318.2,111,6,91,51,2272.1,522.9,2714.6
414,2020-02-18,2020,2,18,318.2,108.5,25,431.2,83,2226.3,1130.7,2901
415,2020-02-19,2020,2,19,306,101,12,427.2,66,2127,1191,2914.5
416,2020-02-20,2020,2,20,291,93,10,267,62.9,2046.7,945.8,2895.7
417,2020-02-21,2020,2,21,271.4,87,10,189.5,59.9,1962.7,806.9,2835.8
418,2020-02-22,2020,2,22,256,83,8,168.7,59.9,1761.7,739.2,2715.1
419,2020-02-23,2020,2,23,237.6,77,8,152,53,1760,672.7,2467.6
420,2020-02-24,2020,2,24,220,73,7,133,53,1553,597.3,2345.5
421,2020-02-25,2020,2,25,201,69,8,127.6,53,1587.4,564.9,1947.2
422,2020-02-26,2020,2,26,190.9,65,8,121,53,1587.6,535.6,1924.6
423,2020-02-27,2020,2,27,190.9,64,7,119.9,57.9,1587.9,557.8,1924.7
424,2020-02-28,2020,2,28,279.5,90,18.4,147.7,72.8,1742.9,836.6,2088.5
425,2020-02-29,2020,2,29,465.9,153,15,317.6,72,1790.1,1149.3,2355.3
426,2020-03-01,2020,3,1,415,134,10,236.7,64.9,1964.8,977.9,2610.2
427,2020-03-02,2020,3,2,358.8,119.6,9,178,60,1964.8,837.9,2610.2
428,2020-03-03,2020,3,3,1877.6,740.1,22,1041.9,75.8,1964.8,1963.2,2610.2
429,2020-03-04,2020,3,4,705.4,292.2,13,662.5,72,3020.5,2077.9,4043.3
430,2020-03-05,2020,3,5,450,169.2,11,308.5,68,5895.4,1314,5729.5
431,2020-03-06,2020,3,6,428.9,142,11,218,68,6701.1,1067,8189.2
432,2020-03-07,2020,3,7,405.9,135.9,10,177,63,4353.2,943.3,8080.1
433,2020-03-08,2020,3,8,373,121.1,9,166,61.9,3256.6,902.9,6008.7
434,2020-03-09,2020,3,9,338,111,12,169,66,2827.4,907,4946.6
435,2020-03-10,2020,3,10,319,101,22,379.3,75,3085.2,1075.8,4843.7
436,2020-03-11,2020,3,11,323.7,104.7,22,592,77.7,3091.6,1273.5,4630.2
437,2020-03-12,2020,3,12,345.6,113,18,409,76,3020.7,1123.6,4214.7
438,2020-03-13,2020,3,13,374.2,117,27,306.5,93,3017.6,1094.4,3968.2
439,2020-03-14,2020,3,14,897.8,463.1,44,3586.5,141,3820.9,3408.5,5502.8
440,2020-03-15,2020,3,15,701.3,298,23,1492.3,116,9271.4,3161.8,8046.2
441,2020-03-16,2020,3,16,700,278,21,666.9,101,15837,1843.9,13997.5
442,2020-03-17,2020,3,17,663.4,239.4,18,446,91,14054.5,1416.8,17444.5
443,2020-03-18,2020,3,18,552.2,200,17,342.5,86,10322,1267.4,14913.2
444,2020-03-19,2020,3,19,454,174,15,293.2,81,7783.9,1142.2,12127.9
445,2020-03-20,2020,3,20,424.6,159,21,274,102,5831.6,1158.9,9676.8
446,2020-03-21,2020,3,21,634,220.4,23,500.3,106.5,5630.4,1546.8,8688.9
447,2020-03-22,2020,3,22,576,210.4,18,455.4,98,5698.1,1581.8,7813.7
448,2020-03-23,2020,3,23,447,176,16.6,334.1,91,5924.9,1343.7,7348.7
449,2020-03-24,2020,3,24,417,155,15,282.2,85.7,5942.5,1202.7,7151.5
450,2020-03-25,2020,3,25,380.9,128.2,14,233.4,82.7,5581.5,1092.4,7070.4
451,2020-03-26,2020,3,26,362.8,115,14,212.4,80,4729.4,1050.4,6407.3
452,2020-03-27,2020,3,27,344.5,111.7,13.7,194.8,77.8,4428.7,999.3,5879.8
453,2020-03-28,2020,3,28,331.5,102,13,185.8,73,4088.6,940.2,5533.7
454,2020-03-29,2020,3,29,317.8,93.7,13,170.4,70,3934.8,854.9,5143.9
455,2020-03-30,2020,3,30,302.8,87.5,11.8,153.8,66,3744.3,798.2,4934.9
456,2020-03-31,2020,3,31,288.6,83,16,155.7,79,3609.1,847.6,4633.6
457,2020-04-01,2020,4,1,278,79.8,19,238.7,83,3609.1,1096.5,4655.4
458,2020-04-02,2020,4,2,266,75,13,179.8,71,3509.8,1008.8,4633.5
459,2020-04-03,2020,4,3,252.3,72,14,151.8,76,3365.7,867.8,4473.5
460,2020-04-04,2020,4,4,241.5,73,19,201.4,82,3349.5,1103.5,4633.3
461,2020-04-05,2020,4,5,234.8,73,14,203.7,79,3368.8,1292.5,4582.4
462,2020-04-06,2020,4,6,205.9,65,13,158.6,67,3349.5,982.8,4366.1
463,2020-04-07,2020,4,7,185.9,57,11.8,139,64.8,3274.9,814.4,4340
464,2020-04-08,2020,4,8,184,56.8,13,131.9,66,3049.2,740.9,4143.9
465,2020-04-09,2020,4,9,826.3,485.2,16,198,78.6,3099.3,3028.5,4183.2
466,2020-04-10,2020,4,10,435.8,173.4,22,166,85,4436.3,2934.2,5413.8
467,2020-04-11,2020,4,11,1099.3,733.3,24,248.2,93,7722.3,5461.6,8829.1
468,2020-04-12,2020,4,12,612,282,14,191.7,80,9451.4,3533.1,12238.8
469,2020-04-13,2020,4,13,403,153,13,157.8,75,9449.8,1778.5,12734.7
470,2020-04-14,2020,4,14,326.9,104.6,12,141.8,73,7076.3,1253,11088.2
471,2020-04-15,2020,4,15,484,148,12,132,71.8,4486.5,1133.8,9078.9
472,2020-04-16,2020,4,16,396,127,11,127.8,67.8,3774.5,1147.7,6955.3
473,2020-04-17,2020,4,17,345,101,10,117.6,65,3443.9,999.4,5471.1
474,2020-04-18,2020,4,18,350.1,96.1,10,108,61.5,3608.7,902.5,5053.1
475,2020-04-19,2020,4,19,366.5,104,10,96.6,58,3443.9,896.5,4061.5
476,2020-04-20,2020,4,20,325,95,10,91.8,57.9,3363.1,908.7,3958.6
477,2020-04-21,2020,4,21,338,93,10,86.9,56,3277.1,1081.6,3937.9
478,2020-04-22,2020,4,22,357,97,13,84.7,58,3294.6,1452.8,4402.1
479,2020-04-23,2020,4,23,582.4,211.5,10,94,55,3396,1254.5,4767.8
480,2020-04-24,2020,4,24,612.3,268.3,9,101,55,3389,1260.1,4781.5
481,2020-04-25,2020,4,25,424.6,166.3,8,94,52.9,3389,1063.7,4695.8
482,2020-04-26,2020,4,26,357.4,113.8,8,82.9,49,3500.1,918.2,4665.5
483,2020-04-27,2020,4,27,308.7,93.5,8,70.9,47,3444.6,823,4674.1
484,2020-04-28,2020,4,28,269.2,80,7,55.9,46,3244.1,720.7,4628.6
485,2020-04-29,2020,4,29,248,73,7,49,43.9,2952.6,693.3,4326.5
486,2020-04-30,2020,4,30,235,68,6,42,41,2794.8,645.8,4086.8
487,2020-05-01,2020,5,1,223,59,6,37,40,2704,608.4,3701.7
488,2020-05-02,2020,5,2,207.8,57.7,6,33.9,37,2550.1,584,3244.5
489,2020-05-03,2020,5,3,197,51,5,26,37,2263.2,548.8,2791.1
490,2020-05-04,2020,5,4,188,49.5,5,16,33,2166.1,527.2,2636
491,2020-05-05,2020,5,5,171,46,5,15,33,2045,504.9,2555.7
492,2020-05-06,2020,5,6,157.6,43,5,15,33,1934.6,481.9,2424.1
493,2020-05-07,2020,5,7,189.5,58,14,56.9,37,1922.6,638.8,2540.2
494,2020-05-08,2020,5,8,192.5,59,9,83.8,36,2018.7,616,2445.9
495,2020-05-09,2020,5,9,160,47,5,62.6,33,2022.7,528.9,2518.4
496,2020-05-10,2020,5,10,139,41,5,42,30,2010.2,488.9,2420
497,2020-05-11,2020,5,11,125.8,38.7,5,33.9,30,1968.6,462.8,2469.8
498,2020-05-12,2020,5,12,116,34.8,5,21,28,1892.9,448.9,2414.5
499,2020-05-13,2020,5,13,131,39,3.1,15,27,1799.5,462.7,2341.5
500,2020-05-14,2020,5,14,122,36,3.1,16,22.5,1711.6,447,2257.3
501,2020-05-15,2020,5,15,116,32,3.1,15,21.3,1631.6,420.9,2136.4
502,2020-05-16,2020,5,16,108.9,28.9,3.1,15,19.8,1572.3,399.8,1996.2
503,2020-05-17,2020,5,17,103,25.9,3.1,16,18.5,1519.8,375.8,1881
504,2020-05-18,2020,5,18,101,23,3.1,10,18.4,1469,342,1818.3
505,2020-05-19,2020,5,19,98.9,23,3,2,17,1416.1,322.9,1742.1
506,2020-05-20,2020,5,20,90,22,3,2,15.5,1366.6,301.8,1679.2
507,2020-05-21,2020,5,21,86,21,3,2,15.6,1310.6,261,1609.8
508,2020-05-22,2020,5,22,118,29,15,86.7,36,1342.6,388.8,1860.9
509,2020-05-23,2020,5,23,122,30,7,90,30.9,1379.7,422,1739.2
510,2020-05-24,2020,5,24,109,28,7.7,73,34.9,1351.2,392.7,1780.4
511,2020-05-25,2020,5,25,101,27.8,5,59.8,27,1301.8,343,1686.9
512,2020-05-26,2020,5,26,92,23,5,47.9,24,1247.3,296.8,1607.4
513,2020-05-27,2020,5,27,88,21,3,40,22,1196.9,276,1518
514,2020-05-28,2020,5,28,78.9,19,3,31,18,1144,243,1464.2
515,2020-05-29,2020,5,29,69,18,3,26,17,1094.1,217,1404.1
516,2020-05-30,2020,5,30,67.9,17.9,3,19,17,1061.7,208.6,1335.9
517,2020-05-31,2020,5,31,63.9,15,3,13,16,1071.1,216.9,1331.8
518,2020-06-01,2020,6,1,62,15,3,12,15,1028.2,190,1236.9
519,2020-06-02,2020,6,2,57.8,15,3,12,15,1017.5,245,1191.3
520,2020-06-03,2020,6,3,58,14,3,12,15,1074.3,283,1194.1
521,2020-06-04,2020,6,4,53,13,3,12,14.4,1070.1,275.9,1238.4
522,2020-06-05,2020,6,5,51,12,3,12,13.4,1036.4,247.9,1236.7
523,2020-06-06,2020,6,6,47,11.9,1.9,11,13.3,1000.7,236.9,1206.8
524,2020-06-07,2020,6,7,45,11,1.9,11,12.4,924.4,213.9,1161.9
525,2020-06-08,2020,6,8,45,10,1.9,11,11.2,887.4,206,1103.8
526,2020-06-09,2020,6,9,45,7,1.9,10,11.2,854.8,196,1052.2
527,2020-06-10,2020,6,10,41,7,1.9,10,10.1,827.1,191,1023.5
528,2020-06-11,2020,6,11,41,7,1.9,10,10.2,799.8,190,983.1
529,2020-06-12,2020,6,12,39,6,1.9,10,10.2,775.2,141.1,946.1
530,2020-06-13,2020,6,13,20,6,4,10,16,753,203,977.4
531,2020-06-14,2020,6,14,21,6,7,42,16,756.6,212.9,1044.8
532,2020-06-15,2020,6,15,21.5,6,3,32.8,11.9,714.2,210,965
533,2020-06-16,2020,6,16,43,6,3,25,14,686.3,212.9,906.4
534,2020-06-17,2020,6,17,59.9,9,3,19,14,722.8,223.7,869.5
535,2020-06-18,2020,6,18,64,10,3,10,10.7,731.3,214.9,866
536,2020-06-19,2020,6,19,60,10,10,10,21,733.5,210,947.4
537,2020-06-20,2020,6,20,55.9,10,11,29,32,739.4,209.8,1054.3
538,2020-06-21,2020,6,21,50.9,9,4,41.7,19,724,202.9,991.2
539,2020-06-22,2020,6,22,46.9,7,3,32,16,698.9,196,945.7
540,2020-06-23,2020,6,23,43,6,3,23,14,675.3,186,904.4
541,2020-06-24,2020,6,24,41,6,3,15,13,663.2,161,863.4
542,2020-06-25,2020,6,25,39,5,3,8,12,653.5,148,816.3
543,2020-06-26,2020,6,26,26,4,3,7,12,631.9,127.9,771
544,2020-06-27,2020,6,27,26,3,3,7,11,603.9,106.9,720.7
545,2020-06-28,2020,6,28,30,3,3,7,11,596.2,110,701.3
546,2020-06-29,2020,6,29,51,6,3,23,10,591.9,116.9,726.2
547,2020-06-30,2020,6,30,53,9,3,15,10,559.9,107,712.3
548,2020-07-01,2020,7,1,51,9,4,11,10,530.5,107,682.4
549,2020-07-02,2020,7,2,47,9,4,9,11,508.2,159.9,658.3
550,2020-07-03,2020,7,3,45,9,3,9,7,500.7,169.7,624.9
551,2020-07-04,2020,7,4,36,6,3,8,7.1,487.6,152.9,612.5
552,2020-07-05,2020,7,5,30,6,1,8,7,470.2,119.9,603.7
553,2020-07-06,2020,7,6,26,5,1,9,7,463.4,106.9,586.3
554,2020-07-07,2020,7,7,26,4,1,9,7,450,103,565
555,2020-07-08,2020,7,8,26,4,1,0,7,437.4,99,545.6
556,2020-07-09,2020,7,9,26,4,1,0,7,422.3,97,526.8
557,2020-07-10,2020,7,10,30,4,1,0,7,403.9,95,502.1
558,2020-07-11,2020,7,11,30,4,1,0,7,391.9,91,483.6
559,2020-07-12,2020,7,12,28,3,1,14,7,379.9,86,476
560,2020-07-13,2020,7,13,26,3,1,12,4.6,368.3,86,462.5
561,2020-07-14,2020,7,14,28,3,1,8,4.5,353.2,82,443.3
562,2020-07-15,2020,7,15,24,3,1,6,3.8,342.6,71.5,426.4
563,2020-07-16,2020,7,16,24,2,1,6,3.8,330.6,68.8,415.7
564,2020-07-17,2020,7,17,24,2,1,0,3,323,66.4,407.5
565,2020-07-18,2020,7,18,24,2,1,14,3.1,317,65.7,399
566,2020-07-19,2020,7,19,24,2,1,23.7,3.1,321.7,69.9,403.7
567,2020-07-20,2020,7,20,24,2,1,17.7,3.1,315.4,68.5,401.3
568,2020-07-21,2020,7,21,24,2,2,106.2,9,330.3,103,419.3
569,2020-07-22,2020,7,22,12.1,2,2,65.4,5,353,120.9,413.7
570,2020-07-23,2020,7,23,23,2,2,66,3.1,370.1,135,416.5
571,2020-07-24,2020,7,24,28,2,2,40,3,425,126.9,417.2
572,2020-07-25,2020,7,25,43,3.9,4,50,5,468.3,135,478.4
573,2020-07-26,2020,7,26,39,4,3,37,3,484.4,126,484.4
574,2020-07-27,2020,7,27,36,3,1,21.7,3,471.7,114.9,485.9
575,2020-07-28,2020,7,28,53,6,1,27,3,476.4,119,513.9
576,2020-07-29,2020,7,29,71,8,1,28,3,485,108.8,530.8
577,2020-07-30,2020,7,30,60.7,6,1,16,1,482.8,95,532.2
578,2020-07-31,2020,7,31,64,6,1,10,1,500.9,115,535.6
579,2020-08-01,2020,8,1,54,6,0,12,1,514.2,104.9,542.6
580,2020-08-02,2020,8,2,49,5,0,9.8,1,492.3,96,550.3
581,2020-08-03,2020,8,3,43,4,0,8,1,465.9,81.9,546.7
582,2020-08-04,2020,8,4,36,4,0,5,1,435.7,69,545.9
583,2020-08-05,2020,8,5,28,4,0,4,1,421.3,63,529.6
584,2020-08-06,2020,8,6,25.9,3,0,4,0.9,408,56,491.7
585,2020-08-07,2020,8,7,24,2,0,4,0.9,401.3,59.7,453.4
586,2020-08-08,2020,8,8,31.8,2,0,4,0.7,399.5,55.9,433.6
587,2020-08-09,2020,8,9,32,3,0,4,0.7,395.4,53.4,426.4
588,2020-08-10,2020,8,10,28,2.9,0,4,0.7,387.7,51.8,417.6
589,2020-08-11,2020,8,11,26,2,0,4,0.6,378.8,48.5,412.3
590,2020-08-12,2020,8,12,23,2,0,4,0.6,362.7,46.7,409.9
591,2020-08-13,2020,8,13,22.9,2,5,8.8,1,364.6,82.9,449.7
592,2020-08-14,2020,8,14,19,2,4,21,1,389.3,135.8,505.2
593,2020-08-15,2020,8,15,17,2,3,17,1,408.6,116.9,495.7
594,2020-08-16,2020,8,16,16,2,2,10,1,394.2,95.3,487.1
595,2020-08-17,2020,8,17,14,2,2,7,1,377.6,68.9,459.5
596,2020-08-18,2020,8,18,13,1,2,4,0.7,365.8,57,439
597,2020-08-19,2020,8,19,11,1,5,7,6.9,356,55,476.4
598,2020-08-20,2020,8,20,10,1,6,14,14,362,133.6,500.9
599,2020-08-21,2020,8,21,10,1,3,10,1,401.1,232.6,475.7
600,2020-08-22,2020,8,22,10,1,2,7,1,418.3,188.7,470.8
601,2020-08-23,2020,8,23,10,1,12,12,20,421.1,151,670
602,2020-08-24,2020,8,24,10,1,7.2,12,17,422.2,146.8,682.8
603,2020-08-25,2020,8,25,25.8,3,61.3,45,82,595.8,531.2,1147.7
604,2020-08-26,2020,8,26,38,3,12,55,30,780.9,437.8,1206
605,2020-08-27,2020,8,27,44.5,3,3,69.2,19,800.9,291.8,1133.2
606,2020-08-28,2020,8,28,45,4,3,49,12,792.9,219.2,1100
607,2020-08-29,2020,8,29,40,4,2,32,11,775.8,177,994.8
608,2020-08-30,2020,8,30,34,3,2,20,9,730.9,143.8,895.8
609,2020-08-31,2020,8,31,32,3,2,15,8.9,557.9,123.9,836
610,2020-09-01,2020,9,1,28,3,2,12,8,444,116,787.6
611,2020-09-02,2020,9,2,24,3,2,10,8,549.7,112,638.9
612,2020-09-03,2020,9,3,23,2,16,9,27,551,108.7,816.8
613,2020-09-04,2020,9,4,32,3,21,96.2,157,464.9,216,1055
614,2020-09-05,2020,9,5,77.4,5.7,23,238.5,109.3,872.9,617.2,1441.2
615,2020-09-06,2020,9,6,86,8,9,221.4,34,1019.7,675.7,1328.3
616,2020-09-07,2020,9,7,71,6,13,97.4,36,1187,385.3,1523.6
617,2020-09-08,2020,9,8,66,6,13,55.3,43,1336.7,261.2,1627.1
618,2020-09-09,2020,9,9,60,5,17,150.1,77.1,1425,287.4,2046.5
619,2020-09-10,2020,9,10,53,4,6,77.2,33,1347.8,219,1729
620,2020-09-11,2020,9,11,49,4,4,46,29.4,1240.8,195,1640
621,2020-09-12,2020,9,12,45,3,4,34,27,1184,173,1540.7
622,2020-09-13,2020,9,13,43,3,3,26,25,1153.6,153.3,1459
623,2020-09-14,2020,9,14,41,3,5,21,33,1122.8,144,1390.2
624,2020-09-15,2020,9,15,38,2,96.1,147.2,203,1320.8,638.4,2538.4
625,2020-09-16,2020,9,16,43.7,3,26.1,479.7,142.2,1587.2,1439.6,3292.3
626,2020-09-17,2020,9,17,41,3,9,139.4,89.1,1512.5,708.8,2597
627,2020-09-18,2020,9,18,38,2,7,78.3,68.4,1435.5,464.3,2139.6
628,2020-09-19,2020,9,19,35.8,2,6,61.3,60.2,1265.1,363.7,1926.5
629,2020-09-20,2020,9,20,30.8,2,27,137.5,114.2,1176.1,391.7,2133.9
630,2020-09-21,2020,9,21,33.8,2,18,203.9,91.1,1169.2,503.5,2042.2
631,2020-09-22,2020,9,22,30.8,2,8,128.7,71.1,1073.2,461.5,1820.5
632,2020-09-23,2020,9,23,29.9,2,7,89,66.2,995.1,391.7,1691.6
633,2020-09-24,2020,9,24,28,2,6,66.7,61,978.7,350,1594.4
634,2020-09-25,2020,9,25,26,2,6,56,59,975.3,312.4,1416.6
635,2020-09-26,2020,9,26,24,2,6,46.4,51,947.8,278,1310.1
636,2020-09-27,2020,9,27,24,2,7,104.3,53,983.5,411,1368.7
637,2020-09-28,2020,9,28,24,1,6,79.9,47.3,984,350,1451.9
638,2020-09-29,2020,9,29,43,3,46.1,1696.1,127.2,1499.4,2910.2,2671.4
