"","date_time","storage","storage_ws","storage_wq","inflow","withdr","outflow","outflow_ws","outflow_wq","withdr_req","rel_req","ws_rel_req","wq_rel_req","available"
"1",2038-01-01,19795,13000,8000,234.2,0,120,0,120,0,300,0,120,20029.2
"2",2038-01-02,19909.2,12576.1688,7333.0312,211.3,0,325.5,0,77.6,0,77.6,0,77.6,20120.5
"3",2038-01-03,19795,12576.1688,7218.8312,200.4,0,970,0,970,0,970,0,970,19995.4
"4",2038-01-04,19025.4,12576.1688,6449.2312,229,0,200,0,200,0,200,0,200,19254.4
"5",2038-01-05,19054.4,12576.1688,6478.2312,330,0,200,0,200,0,200,0,200,19384.4
"6",2038-01-06,19184.4,12576.1688,6608.2312,391.3,0,200,0,200,0,200,0,200,19575.7
"7",2038-01-07,19375.7,12576.1688,6799.5312,492.4,0,200,0,200,0,200,0,200,19868.1
"8",2038-01-08,19668.1,12576.1688,7091.9312,3051,0,2924.1,0,200,0,200,0,200,22719.1
"9",2038-01-09,19795,12576.1688,7218.8312,1426.2,0,1426.2,0,200,0,200,0,200,21221.2
"10",2038-01-10,19795,12576.1688,7218.8312,998.1,0,998.099999999999,0,200,0,200,0,200,20793.1
"11",2038-01-11,19795,12576.1688,7218.8312,790,0,790,0,200,0,200,0,200,20585
"12",2038-01-12,19795,12576.1688,7218.8312,595.8,0,595.799999999999,0,200,0,200,0,200,20390.8
"13",2038-01-13,19795,12576.1688,7218.8312,533.4,0,533.400000000001,0,200,0,200,0,200,20328.4
"14",2038-01-14,19795,12576.1688,7218.8312,494.3,0,494.299999999999,0,200,0,200,0,200,20289.3
"15",2038-01-15,19795,12576.1688,7218.8312,448.6,0,448.599999999999,0,200,0,200,0,200,20243.6
"16",2038-01-16,19795,12576.1688,7218.8312,486,0,486,0,200,0,200,0,200,20281
"17",2038-01-17,19795,12576.1688,7218.8312,444.4,0,444.400000000001,0,200,0,200,0,200,20239.4
"18",2038-01-18,19795,12576.1688,7218.8312,441.6,0,441.599999999999,0,200,0,200,0,200,20236.6
"19",2038-01-19,19795,12576.1688,7218.8312,427.8,0,427.799999999999,0,200,0,200,0,200,20222.8
"20",2038-01-20,19795,12576.1688,7218.8312,396,0,396,0,200,0,200,0,200,20191
"21",2038-01-21,19795,12576.1688,7218.8312,375,0,375,0,200,0,200,0,200,20170
"22",2038-01-22,19795,12576.1688,7218.8312,357,0,357,0,200,0,200,0,200,20152
"23",2038-01-23,19795,12576.1688,7218.8312,424.6,0,424.599999999999,0,200,0,200,0,200,20219.6
"24",2038-01-24,19795,12576.1688,7218.8312,574.7,0,574.700000000001,0,200,0,200,0,200,20369.7
"25",2038-01-25,19795,12576.1688,7218.8312,563,0,563,0,200,0,200,0,200,20358
"26",2038-01-26,19795,12576.1688,7218.8312,456.5,0,456.5,0,200,0,200,0,200,20251.5
"27",2038-01-27,19795,12576.1688,7218.8312,433.6,0,433.599999999999,0,200,0,200,0,200,20228.6
"28",2038-01-28,19795,12576.1688,7218.8312,751.9,0,751.900000000001,0,200,0,200,0,200,20546.9
"29",2038-01-29,19795,12576.1688,7218.8312,1181.6,0,1181.6,0,200,0,200,0,200,20976.6
"30",2038-01-30,19795,12576.1688,7218.8312,1104,0,1104,0,200,0,200,0,200,20899
"31",2038-01-31,19795,12576.1688,7218.8312,850.1,0,850.099999999999,0,200,0,200,0,200,20645.1
"32",2038-02-01,19795,12576.1688,7218.8312,677.5,0,677.5,0,200,0,200,0,200,20472.5
"33",2038-02-02,19795,12576.1688,7218.8312,574.7,0,574.700000000001,0,200,0,200,0,200,20369.7
"34",2038-02-03,19795,12576.1688,7218.8312,488.9,0,488.900000000001,0,200,0,200,0,200,20283.9
"35",2038-02-04,19795,12576.1688,7218.8312,659.7,0,659.700000000001,0,200,0,200,0,200,20454.7
"36",2038-02-05,19795,12576.1688,7218.8312,794.7,0,794.700000000001,0,200,0,200,0,200,20589.7
"37",2038-02-06,19795,12576.1688,7218.8312,752,0,752,0,200,0,200,0,200,20547
"38",2038-02-07,19795,12576.1688,7218.8312,683,0,683,0,200,0,200,0,200,20478
"39",2038-02-08,19795,12576.1688,7218.8312,529,0,529,0,200,0,200,0,200,20324
"40",2038-02-09,19795,12576.1688,7218.8312,479.3,0,479.299999999999,0,200,0,200,0,200,20274.3
"41",2038-02-10,19795,12576.1688,7218.8312,527.3,0,527.299999999999,0,200,0,200,0,200,20322.3
"42",2038-02-11,19795,12576.1688,7218.8312,809.1,0,809.099999999999,0,200,0,200,0,200,20604.1
"43",2038-02-12,19795,12576.1688,7218.8312,1436,0,1436,0,200,0,200,0,200,21231
"44",2038-02-13,19795,12576.1688,7218.8312,844,0,844,0,200,0,200,0,200,20639
"45",2038-02-14,19795,12576.1688,7218.8312,690,0,690,0,200,0,200,0,200,20485
"46",2038-02-15,19795,12576.1688,7218.8312,584.3,0,584.299999999999,0,200,0,200,0,200,20379.3
"47",2038-02-16,19795,12576.1688,7218.8312,507.7,0,507.700000000001,0,200,0,200,0,200,20302.7
"48",2038-02-17,19795,12576.1688,7218.8312,524,0,524,0,200,0,200,0,200,20319
"49",2038-02-18,19795,12576.1688,7218.8312,695.5,0,695.5,0,200,0,200,0,200,20490.5
"50",2038-02-19,19795,12576.1688,7218.8312,1220.3,0,1220.3,0,200,0,200,0,200,21015.3
"51",2038-02-20,19795,12576.1688,7218.8312,844.9,0,844.900000000001,0,200,0,200,0,200,20639.9
"52",2038-02-21,19795,12576.1688,7218.8312,741.4,0,741.400000000001,0,200,0,200,0,200,20536.4
"53",2038-02-22,19795,12576.1688,7218.8312,606.6,0,606.599999999999,0,200,0,200,0,200,20401.6
"54",2038-02-23,19795,12576.1688,7218.8312,558.9,0,558.900000000001,0,200,0,200,0,200,20353.9
"55",2038-02-24,19795,12576.1688,7218.8312,744.7,0,744.700000000001,0,200,0,200,0,200,20539.7
"56",2038-02-25,19795,12576.1688,7218.8312,778.2,0,778.200000000001,0,200,0,200,0,200,20573.2
"57",2038-02-26,19795,12576.1688,7218.8312,601.9,0,601.900000000001,0,200,0,200,0,200,20396.9
"58",2038-02-27,19795,12576.1688,7218.8312,488,0,488,0,200,0,200,0,200,20283
"59",2038-02-28,19795,12576.1688,7218.8312,441.9,0,441.900000000001,0,200,0,200,0,200,20236.9
"60",2038-03-01,19795,12576.1688,7218.8312,452.9,0,77.6,0,77.6,0,77.6,0,77.6,20247.9
"61",2038-03-02,20170.3,12576.1688,7594.1312,450,0,77.6,0,77.6,0,77.6,0,77.6,20620.3
"62",2038-03-03,20542.7,12576.1688,7966.5312,416.5,0,200,0,200,0,200,0,200,20959.2
"63",2038-03-04,20759.2,12576.1688,8183.0312,374.1,0,200,0,200,0,200,0,200,21133.3
"64",2038-03-05,20933.3,12576.1688,8357.1312,372.6,0,200,0,200,0,200,0,200,21305.9
"65",2038-03-06,21105.9,12576.1688,8529.7312,348.6,0,200,0,200,0,200,0,200,21454.5
"66",2038-03-07,21254.5,12576.1688,8678.3312,334.4,0,200,0,200,0,200,0,200,21588.9
"67",2038-03-08,21388.9,12576.1688,8812.7312,332,0,200,0,200,0,200,0,200,21720.9
"68",2038-03-09,21520.9,12576.1688,8944.7312,443.9,0,200,0,200,0,200,0,200,21964.8
"69",2038-03-10,21764.8,12576.1688,9188.6312,574.7,0,200,0,200,0,200,0,200,22339.5
"70",2038-03-11,22139.5,12576.1688,9563.3312,445.9,0,258.400000000005,0,200,0,200,0,200,22585.4
"71",2038-03-12,22327,12576.1688,9750.8312,389.1,0,389.099999999999,0,200,0,200,0,200,22716.1
"72",2038-03-13,22327,12576.1688,9750.8312,371.5,0,371.5,0,200,0,200,0,200,22698.5
"73",2038-03-14,22327,12576.1688,9750.8312,338,0,338,0,200,0,200,0,200,22665
"74",2038-03-15,22327,12576.1688,9750.8312,337.4,0,337.400000000001,0,200,0,200,0,200,22664.4
"75",2038-03-16,22327,12576.1688,9750.8312,321,0,321,0,200,0,200,0,200,22648
"76",2038-03-17,22327,12576.1688,9750.8312,307,0,307,0,200,0,200,0,200,22634
"77",2038-03-18,22327,12576.1688,9750.8312,331.1,0,331.099999999999,0,200,0,200,0,200,22658.1
"78",2038-03-19,22327,12576.1688,9750.8312,695.8,0,695.799999999999,0,200,0,200,0,200,23022.8
"79",2038-03-20,22327,12576.1688,9750.8312,634,0,634,0,200,0,200,0,200,22961
"80",2038-03-21,22327,12576.1688,9750.8312,1043.9,0,1043.9,0,200,0,200,0,200,23370.9
"81",2038-03-22,22327,12576.1688,9750.8312,989.5,0,989.5,0,200,0,200,0,200,23316.5
"82",2038-03-23,22327,12576.1688,9750.8312,701.2,0,701.200000000001,0,200,0,200,0,200,23028.2
"83",2038-03-24,22327,12576.1688,9750.8312,540,0,540,0,200,0,200,0,200,22867
"84",2038-03-25,22327,12576.1688,9750.8312,432.6,0,432.599999999999,0,200,0,200,0,200,22759.6
"85",2038-03-26,22327,12576.1688,9750.8312,386.3,0,386.299999999999,0,200,0,200,0,200,22713.3
"86",2038-03-27,22327,12576.1688,9750.8312,357,0,357,0,200,0,200,0,200,22684
"87",2038-03-28,22327,12576.1688,9750.8312,336.5,0,336.5,0,200,0,200,0,200,22663.5
"88",2038-03-29,22327,12576.1688,9750.8312,316.6,0,316.599999999999,0,200,0,200,0,200,22643.6
"89",2038-03-30,22327,12576.1688,9750.8312,295,0,295,0,200,0,200,0,200,22622
"90",2038-03-31,22327,12576.1688,9750.8312,278,0,278,0,200,0,200,0,200,22605
"91",2038-04-01,22327,12576.1688,9750.8312,269.7,0,77.6,0,77.6,0,77.6,0,77.6,22596.7
"92",2038-04-02,22519.1,12576.1688,9942.9312,278,0,77.6,0,77.6,0,77.6,0,77.6,22797.1
"93",2038-04-03,22719.5,12576.1688,10143.3312,288.6,0,77.6,0,77.6,0,77.6,0,77.6,23008.1
"94",2038-04-04,22930.5,12576.1688,10354.3312,270,0,77.6,0,77.6,0,77.6,0,77.6,23200.5
"95",2038-04-05,23122.9,12576.1688,10546.7312,278,0,77.6,0,77.6,0,77.6,0,77.6,23400.9
"96",2038-04-06,23323.3,12576.1688,10747.1312,265,0,77.6,0,77.6,0,77.6,0,77.6,23588.3
"97",2038-04-07,23510.7,12576.1688,10934.5312,237.6,0,77.6,0,77.6,0,77.6,0,77.6,23748.3
"98",2038-04-08,23670.7,12576.1688,11094.5312,214.7,0,77.6,0,77.6,0,77.6,0,77.6,23885.4
"99",2038-04-09,23807.8,12576.1688,11231.6312,205.9,0,77.6,0,77.6,0,77.6,0,77.6,24013.7
"100",2038-04-10,23936.1,12576.1688,11359.9312,526.4,0,77.6,0,77.6,0,77.6,0,77.6,24462.5
"101",2038-04-11,24384.9,12576.1688,11808.7312,497.8,0,77.6,0,77.6,0,77.6,0,77.6,24882.7
"102",2038-04-12,24805.1,12576.1688,12228.9312,377,0,77.6,0,77.6,0,77.6,0,77.6,25182.1
"103",2038-04-13,25104.5,12576.1688,12528.3312,321,0,77.6,0,77.6,0,77.6,0,77.6,25425.5
"104",2038-04-14,25347.9,12576.1688,12771.7312,273.1,0,77.6,0,77.6,0,77.6,0,77.6,25621
"105",2038-04-15,25543.4,12576.1688,12967.2312,244.8,0,77.6,0,77.6,0,77.6,0,77.6,25788.2
"106",2038-04-16,25710.6,12576.1688,13134.4312,232.7,0,77.6,0,77.6,0,77.6,0,77.6,25943.3
"107",2038-04-17,25865.7,12576.1688,13289.5312,218.9,0,77.6,0,77.6,0,77.6,0,77.6,26084.6
"108",2038-04-18,26007,12576.1688,13430.8312,205,0,77.6,0,77.6,0,77.6,0,77.6,26212
"109",2038-04-19,26134.4,12576.1688,13558.2312,248,0,77.6,0,77.6,0,77.6,0,77.6,26382.4
"110",2038-04-20,26304.8,12576.1688,13728.6312,901.8,0,77.6,0,77.6,0,77.6,0,77.6,27206.6
"111",2038-04-21,27129,12576.1688,14552.8312,780.7,0,77.6,0,77.6,0,77.6,0,77.6,27909.7
"112",2038-04-22,27832.1,12576.1688,15255.9312,602.4,0,211.500000000033,0,200,0,200,0,200,28434.5
"113",2038-04-23,28223,12576.1688,15646.8312,447,0,447,0,200,0,200,0,200,28670
"114",2038-04-24,28223,12576.1688,15646.8312,388,0,388,0,200,0,200,0,200,28611
"115",2038-04-25,28223,12576.1688,15646.8312,350.9,0,350.900000000001,0,200,0,200,0,200,28573.9
"116",2038-04-26,28223,12576.1688,15646.8312,319,0,319,0,200,0,200,0,200,28542
"117",2038-04-27,28223,12576.1688,15646.8312,471.1,0,471.099999999999,0,200,0,200,0,200,28694.1
"118",2038-04-28,28223,12576.1688,15646.8312,477.3,0,477.299999999999,0,200,0,200,0,200,28700.3
"119",2038-04-29,28223,12576.1688,15646.8312,396,0,396,0,200,0,200,0,200,28619
"120",2038-04-30,28223,12576.1688,15646.8312,358.9,0,358.900000000001,0,200,0,200,0,200,28581.9
"121",2038-05-01,28223,12576.1688,15646.8312,322,0,322,0,200,0,200,0,200,28545
"122",2038-05-02,28223,12576.1688,15646.8312,296,0,296,0,200,0,200,0,200,28519
"123",2038-05-03,28223,12576.1688,15646.8312,417,0,417,0,200,0,200,0,200,28640
"124",2038-05-04,28223,12576.1688,15646.8312,405.7,0,405.700000000001,0,200,0,200,0,200,28628.7
"125",2038-05-05,28223,12576.1688,15646.8312,1197,0,597,0,200,0,200,0,200,29420
"126",2038-05-06,28823,12576.1688,15646.8312,957.1,0,957.099999999999,0,200,0,200,0,200,29780.1
"127",2038-05-07,28823,12576.1688,15646.8312,580.9,0,970,0,970,0,970,0,970,29403.9
"128",2038-05-08,28433.9,12576.1688,15646.8312,458.5,0,970,0,970,0,970,0,970,28892.4
"129",2038-05-09,27922.4,12576.1688,15346.2312,433,0,970,0,970,0,970,0,970,28355.4
"130",2038-05-10,27385.4,12576.1688,14809.2312,411,0,200,0,200,0,200,0,200,27796.4
"131",2038-05-11,27596.4,12576.1688,15020.2312,355,0,200,0,200,0,200,0,200,27951.4
"132",2038-05-12,27751.4,12576.1688,15175.2312,319.9,0,200,0,200,0,200,0,200,28071.3
"133",2038-05-13,27871.3,12576.1688,15295.1312,311.5,0,200,0,200,0,200,0,200,28182.8
"134",2038-05-14,27982.8,12576.1688,15406.6312,278,0,200,0,200,0,200,0,200,28260.8
"135",2038-05-15,28060.8,12576.1688,15484.6312,260.1,0,200,0,200,0,200,0,200,28320.9
"136",2038-05-16,28120.9,12576.1688,15544.7312,237.1,0,200,0,200,0,200,0,200,28358
"137",2038-05-17,28158,12576.1688,15581.8312,233,0,200,0,200,0,200,0,200,28391
"138",2038-05-18,28191,12576.1688,15614.8312,220,0,200,0,200,0,200,0,200,28411
"139",2038-05-19,28211,12576.1688,15634.8312,193.7,0,200,0,200,0,200,0,200,28404.7
"140",2038-05-20,28204.7,12576.1688,15628.5312,177,0,200,0,200,0,200,0,200,28381.7
"141",2038-05-21,28181.7,12576.1688,15605.5312,184,0,200,0,200,0,200,0,200,28365.7
"142",2038-05-22,28165.7,12576.1688,15589.5312,177.7,0,200,0,200,0,200,0,200,28343.4
"143",2038-05-23,28143.4,12576.1688,15567.2312,154,0,200,0,200,0,200,0,200,28297.4
"144",2038-05-24,28097.4,12576.1688,15521.2312,141,0,200,0,200,0,200,0,200,28238.4
"145",2038-05-25,28038.4,12576.1688,15462.2312,139,0,200,0,200,0,200,0,200,28177.4
"146",2038-05-26,27977.4,12576.1688,15401.2312,193,0,200,0,200,0,200,0,200,28170.4
"147",2038-05-27,27970.4,12576.1688,15394.2312,161,0,200,0,200,0,200,0,200,28131.4
"148",2038-05-28,27931.4,12576.1688,15355.2312,138.8,0,200,0,200,0,200,0,200,28070.2
"149",2038-05-29,27870.2,12576.1688,15294.0312,118,0,200,0,200,0,200,0,200,27988.2
"150",2038-05-30,27788.2,12576.1688,15212.0312,102.8,0,200,0,200,0,200,0,200,27891
"151",2038-05-31,27691,12576.1688,15114.8312,97.9,0,200,0,200,0,200,0,200,27788.9
"152",2038-06-01,27588.9,12576.1688,15012.7312,154,0,160,0,160,0,160,0,160,27742.9
"153",2038-06-02,27582.9,12576.1688,15006.7312,138.1,0,160,0,160,0,160,0,160,27721
"154",2038-06-03,27561,12576.1688,14984.8312,119.5,0,160,0,160,0,160,0,160,27680.5
"155",2038-06-04,27520.5,12576.1688,14944.3312,109,0,160,0,160,0,160,0,160,27629.5
"156",2038-06-05,27469.5,12576.1688,14893.3312,101,0,160,0,160,0,160,0,160,27570.5
"157",2038-06-06,27410.5,12576.1688,14834.3312,98,0,160,0,160,0,160,0,160,27508.5
"158",2038-06-07,27348.5,12576.1688,14772.3312,95.6,0,160,0,160,0,160,0,160,27444.1
"159",2038-06-08,27284.1,12576.1688,14707.9312,92,0,160,0,160,0,160,0,160,27376.1
"160",2038-06-09,27216.1,12576.1688,14639.9312,86,0,160,0,160,0,160,0,160,27302.1
"161",2038-06-10,27142.1,12576.1688,14565.9312,116.7,0,160,0,160,0,160,0,160,27258.8
"162",2038-06-11,27098.8,12576.1688,14522.6312,152,0,160,0,160,0,160,0,160,27250.8
"163",2038-06-12,27090.8,12576.1688,14514.6312,175,0,160,0,160,0,160,0,160,27265.8
"164",2038-06-13,27105.8,12576.1688,14529.6312,243.5,0,160,0,160,0,160,0,160,27349.3
"165",2038-06-14,27189.3,12576.1688,14613.1312,396.3,0,160,0,160,0,160,0,160,27585.6
"166",2038-06-15,27425.6,12576.1688,14849.4312,368.3,0,160,0,160,0,160,0,160,27793.9
"167",2038-06-16,27633.9,12576.1688,15057.7312,394.3,0,160,0,160,0,160,0,160,28028.2
"168",2038-06-17,27868.2,12576.1688,15292.0312,668.2,0,313.399999999998,0,160,0,160,0,160,28536.4
"169",2038-06-18,28223,12576.1688,15646.8312,606.6,0,160,0,160,0,160,0,160,28829.6
"170",2038-06-19,28669.6,12576.1688,15646.8312,689.2,0,535.799999999999,0,160,0,160,0,160,29358.8
"171",2038-06-20,28823,12576.1688,15646.8312,538.4,0,970,0,970,0,970,0,970,29361.4
"172",2038-06-21,28391.4,12576.1688,15646.8312,424.8,0,970,0,970,0,970,0,970,28816.2
"173",2038-06-22,27846.2,12576.1688,15270.0312,325.3,0,970,0,970,0,970,0,970,28171.5
"174",2038-06-23,27201.5,12576.1688,14625.3312,279.2,0,160,0,160,0,160,0,160,27480.7
"175",2038-06-24,27320.7,12576.1688,14744.5312,246.2,0,160,0,160,0,160,0,160,27566.9
"176",2038-06-25,27406.9,12576.1688,14830.7312,214,0,160,0,160,0,160,0,160,27620.9
"177",2038-06-26,27460.9,12576.1688,14884.7312,193,0,160,0,160,0,160,0,160,27653.9
"178",2038-06-27,27493.9,12576.1688,14917.7312,197,0,160,0,160,0,160,0,160,27690.9
"179",2038-06-28,27530.9,12576.1688,14954.7312,347,0,160,0,160,0,160,0,160,27877.9
"180",2038-06-29,27717.9,12576.1688,15141.7312,599.2,0,160,0,160,0,160,0,160,28317.1
"181",2038-06-30,28157.1,12576.1688,15580.9312,509.2,0,443.300000000003,0,160,0,160,0,160,28666.3
"182",2038-07-01,28223,12576.1688,15646.8312,723.9,0,160,0,160,0,160,0,160,28946.9
"183",2038-07-02,28786.9,12576.1688,15646.8312,610.4,0,574.300000000003,0,160,0,160,0,160,29397.3
"184",2038-07-03,28823,12576.1688,15646.8312,424.7,0,970,0,970,0,970,0,970,29247.7
"185",2038-07-04,28277.7,12576.1688,15646.8312,325.4,0,970,0,970,0,970,0,970,28603.1
"186",2038-07-05,27633.1,12576.1688,15056.9312,250,0,970,0,970,0,970,0,970,27883.1
"187",2038-07-06,26913.1,12576.1688,14336.9312,202.2,0,160,0,160,0,160,0,160,27115.3
"188",2038-07-07,26955.3,12576.1688,14379.1312,175,0,160,0,160,0,160,0,160,27130.3
"189",2038-07-08,26970.3,12576.1688,14394.1312,191,0,160,0,160,0,160,0,160,27161.3
"190",2038-07-09,27001.3,12576.1688,14425.1312,235.3,0,160,0,160,0,160,0,160,27236.6
"191",2038-07-10,27076.6,12576.1688,14500.4312,220,0,160,0,160,0,160,0,160,27296.6
"192",2038-07-11,27136.6,12576.1688,14560.4312,191,0,160,0,160,0,160,0,160,27327.6
"193",2038-07-12,27167.6,12576.1688,14591.4312,165.8,0,160,0,160,0,160,0,160,27333.4
"194",2038-07-13,27173.4,12576.1688,14597.2312,135,0,160,0,160,0,160,0,160,27308.4
"195",2038-07-14,27148.4,12576.1688,14572.2312,128,0,160,0,160,0,160,0,160,27276.4
"196",2038-07-15,27116.4,12576.1688,14540.2312,114,0,160,0,160,0,160,0,160,27230.4
"197",2038-07-16,27070.4,12576.1688,14494.2312,104.2,0,160,0,160,0,160,0,160,27174.6
"198",2038-07-17,27014.6,12576.1688,14438.4312,98,0,160,0,160,0,160,0,160,27112.6
"199",2038-07-18,26952.6,12576.1688,14376.4312,92,0,160,0,160,0,160,0,160,27044.6
"200",2038-07-19,26884.6,12576.1688,14308.4312,83,0,160,0,160,0,160,0,160,26967.6
"201",2038-07-20,26807.6,12576.1688,14231.4312,72.7,0,160,0,160,0,160,0,160,26880.3
"202",2038-07-21,26720.3,12576.1688,14144.1312,62,0,160,0,160,0,160,0,160,26782.3
"203",2038-07-22,26622.3,12576.1688,14046.1312,56,0,160,0,160,0,160,0,160,26678.3
"204",2038-07-23,26518.3,12576.1688,13942.1312,51.8,0,160,0,160,0,160,0,160,26570.1
"205",2038-07-24,26410.1,12576.1688,13833.9312,64,0,160,0,160,0,160,0,160,26474.1
"206",2038-07-25,26314.1,12576.1688,13737.9312,62,0,160,0,160,0,160,0,160,26376.1
"207",2038-07-26,26216.1,12576.1688,13639.9312,54.8,0,160,0,160,0,160,0,160,26270.9
"208",2038-07-27,26110.9,12576.1688,13534.7312,49,0,160,0,160,0,160,0,160,26159.9
"209",2038-07-28,25999.9,12576.1688,13423.7312,43,0,160,0,160,0,160,0,160,26042.9
"210",2038-07-29,25882.9,12576.1688,13306.7312,41,0,160,0,160,0,160,0,160,25923.9
"211",2038-07-30,25763.9,12576.1688,13187.7312,38,0,160,0,160,0,160,0,160,25801.9
"212",2038-07-31,25641.9,12576.1688,13065.7312,68.7,0,160,0,160,0,160,0,160,25710.6
"213",2038-08-01,25550.6,12576.1688,12974.4312,72,0,130,0,130,0,130,0,130,25622.6
"214",2038-08-02,25492.6,12576.1688,12916.4312,62.7,0,130,0,130,0,130,0,130,25555.3
"215",2038-08-03,25425.3,12576.1688,12849.1312,51,0,130,0,130,0,130,0,130,25476.3
"216",2038-08-04,25346.3,12576.1688,12770.1312,45,0,130,0,130,0,130,0,130,25391.3
"217",2038-08-05,25261.3,12576.1688,12685.1312,38,0,130,0,130,0,130,0,130,25299.3
"218",2038-08-06,25169.3,12576.1688,12593.1312,34,0,130,0,130,0,130,0,130,25203.3
"219",2038-08-07,25073.3,12576.1688,12497.1312,28,0,130,0,130,0,130,0,130,25101.3
"220",2038-08-08,24971.3,12576.1688,12395.1312,26,0,130,0,130,0,130,0,130,24997.3
"221",2038-08-09,24867.3,12576.1688,12291.1312,24,0,130,0,130,0,130,0,130,24891.3
"222",2038-08-10,24761.3,12576.1688,12185.1312,34.9,0,130,0,130,0,130,0,130,24796.2
"223",2038-08-11,24666.2,12576.1688,12090.0312,319.1,0,130,0,130,0,130,0,130,24985.3
"224",2038-08-12,24855.3,12576.1688,12279.1312,210.4,0,130,0,130,0,130,0,130,25065.7
"225",2038-08-13,24935.7,12576.1688,12359.5312,156.3,0,130,0,130,0,130,0,130,25092
"226",2038-08-14,24962,12576.1688,12385.8312,122,0,130,0,130,0,130,0,130,25084
"227",2038-08-15,24954,12576.1688,12377.8312,244,0,130,0,130,0,130,0,130,25198
"228",2038-08-16,25068,12576.1688,12491.8312,223.3,0,130,0,130,0,130,0,130,25291.3
"229",2038-08-17,25161.3,12576.1688,12585.1312,272.5,0,130,0,130,0,130,0,130,25433.8
"230",2038-08-18,25303.8,12576.1688,12727.6312,418,0,130,0,130,0,130,0,130,25721.8
"231",2038-08-19,25591.8,12576.1688,13015.6312,426.8,0,130,0,130,0,130,0,130,26018.6
"232",2038-08-20,25888.6,12576.1688,13312.4312,289.4,0,130,0,130,0,130,0,130,26178
"233",2038-08-21,26048,12576.1688,13471.8312,220.2,0,130,0,130,0,130,0,130,26268.2
"234",2038-08-22,26138.2,12576.1688,13562.0312,165,0,130,0,130,0,130,0,130,26303.2
"235",2038-08-23,26173.2,12576.1688,13597.0312,147.5,0,130,0,130,0,130,0,130,26320.7
"236",2038-08-24,26190.7,12576.1688,13614.5312,129,0,130,0,130,0,130,0,130,26319.7
"237",2038-08-25,26189.7,12576.1688,13613.5312,124.6,0,130,0,130,0,130,0,130,26314.3
"238",2038-08-26,26184.3,12576.1688,13608.1312,111,0,130,0,130,0,130,0,130,26295.3
"239",2038-08-27,26165.3,12576.1688,13589.1312,98,0,130,0,130,0,130,0,130,26263.3
"240",2038-08-28,26133.3,12576.1688,13557.1312,88,0,130,0,130,0,130,0,130,26221.3
"241",2038-08-29,26091.3,12576.1688,13515.1312,79.9,0,130,0,130,0,130,0,130,26171.2
"242",2038-08-30,26041.2,12576.1688,13465.0312,73,0,130,0,130,0,130,0,130,26114.2
"243",2038-08-31,25984.2,12576.1688,13408.0312,67.6,0,130,0,130,0,130,0,130,26051.8
"244",2038-09-01,25921.8,12576.1688,13345.6312,62,0,100,0,100,0,100,0,100,25983.8
"245",2038-09-02,25883.8,12576.1688,13307.6312,54,0,100,0,100,0,100,0,100,25937.8
"246",2038-09-03,25837.8,12576.1688,13261.6312,50,0,100,0,100,0,100,0,100,25887.8
"247",2038-09-04,25787.8,12576.1688,13211.6312,43.7,0,100,0,100,0,100,0,100,25831.5
"248",2038-09-05,25731.5,12576.1688,13155.3312,39.8,0,100,0,100,0,100,0,100,25771.3
"249",2038-09-06,25671.3,12576.1688,13095.1312,36,0,100,0,100,0,100,0,100,25707.3
"250",2038-09-07,25607.3,12576.1688,13031.1312,33,0,100,0,100,0,100,0,100,25640.3
"251",2038-09-08,25540.3,12576.1688,12964.1312,42.5,0,100,0,100,0,100,0,100,25582.8
"252",2038-09-09,25482.8,12576.1688,12906.6312,51,0,100,0,100,0,100,0,100,25533.8
"253",2038-09-10,25433.8,12576.1688,12857.6312,49,0,100,0,100,0,100,0,100,25482.8
"254",2038-09-11,25382.8,12576.1688,12806.6312,46.4,0,100,0,100,0,100,0,100,25429.2
"255",2038-09-12,25329.2,12576.1688,12753.0312,43,0,100,0,100,0,100,0,100,25372.2
"256",2038-09-13,25272.2,12576.1688,12696.0312,38.8,0,140.152701267203,62.5527012672034,77.6,0,140.152701267203,40.1527012672034,100,25311
"257",2038-09-14,25170.8472987328,12530.9053787328,12639.94192,32,0,166.824607592213,89.2246075922133,77.6,0,166.824607592213,66.8246075922133,100,25202.8472987328
"258",2038-09-15,25036.0226911406,12455.9399711406,12580.08272,29.9,0,130.611244504204,53.0112445042044,77.6,0,130.611244504204,30.6112445042044,100,25065.9226911406
"259",2038-09-16,24935.3114466364,12416.2521666364,12519.05928,28,0,158.567347739208,80.9673477392077,77.6,0,158.567347739208,58.5673477392077,100,24963.3114466364
"260",2038-09-17,24804.7440988972,12347.7616188972,12456.98248,24,0,162.005515004717,84.4055150047171,77.6,0,162.005515004717,62.0055150047171,100,24828.7440988972
"261",2038-09-18,24666.7385838925,12274.0505038925,12392.68808,23,0,102.932323459883,25.332323459883,77.6,0,102.932323459883,2.93232345988295,100,24689.7385838925
"262",2038-09-19,24586.8062604326,12258.9669804326,12327.83928,21,0,167.017341122475,89.4173411224747,77.6,0,167.017341122475,67.0173411224746,100,24607.8062604326
"263",2038-09-20,24440.7889193101,12178.9072393101,12261.88168,24,0,205.87736487989,128.27736487989,77.6,0,205.87736487989,105.87736487989,100,24464.7889193101
"264",2038-09-21,24258.9115544302,12061.3242744302,12197.58728,27.9,0,187.140090004717,109.540090004717,77.6,0,187.140090004717,87.1400900047171,100,24286.8115544302
"265",2038-09-22,24099.6714644255,11964.2164244255,12135.45504,56,0,100,0,100,0,100,0,100,24155.6714644255
"266",2038-09-23,24055.6714644255,11989.1700244255,12066.50144,68,0,100,0,100,0,100,0,100,24123.6714644255
"267",2038-09-24,24023.6714644255,12019.4708244255,12004.20064,66,0,104.610041326431,27.0100413264314,77.6,0,104.610041326431,4.61004132643137,100,24089.6714644255
"268",2038-09-25,23985.0614230991,12021.8703830991,11963.19104,64,0,157.001847378427,79.4018473784266,77.6,0,157.001847378427,57.0018473784266,100,24049.0614230991
"269",2038-09-26,23892.0595757206,11970.9869357206,11921.07264,60,0,169.527461187959,91.9274611879591,77.6,0,169.527461187959,69.5274611879591,100,23952.0595757206
"270",2038-09-27,23782.5321145327,11905.7954745327,11876.73664,54,0,182.472482593746,104.872482593746,77.6,0,182.472482593746,82.4724825937463,100,23836.5321145327
"271",2038-09-28,23654.0596319389,11824.9853919389,11829.07424,51,0,167.797119252313,90.197119252313,77.6,0,167.797119252313,67.797119252313,100,23705.0596319389
"272",2038-09-29,23537.2625126866,11757.5138726866,11779.74864,47,0,144.077767665071,66.4777676650712,77.6,0,144.077767665071,44.0777676650712,100,23584.2625126866
"273",2038-09-30,23440.1847450216,11711.9793050215,11728.20544,53,0,156.077298890932,78.4772988909325,77.6,0,156.077298890932,56.0772988909325,100,23493.1847450216
"274",2038-10-01,23337.1074461306,11657.1188061306,11679.98864,54,0,190.669162484812,113.069162484812,77.6,0,190.669162484812,90.6691624848119,100,23391.1074461306
"275",2038-10-02,23200.4382836458,11568.1120436458,11632.32624,51,0,197.931378737047,120.331378737047,77.6,0,197.931378737047,97.9313787370468,100,23251.4382836458
"276",2038-10-03,23053.5069049088,11470.5062649088,11583.00064,47,0,177.656347686247,100.056347686247,77.6,0,177.656347686247,77.6563476862469,100,23100.5069049088
"277",2038-10-04,22922.8505572225,11391.3931172225,11531.45744,47,0,155.889590449756,78.2895904497561,77.6,0,155.889590449756,55.8895904497561,100,22969.8505572225
"278",2038-10-05,22813.9609667728,11334.0467267728,11479.91424,49,0,164.661520266324,87.0615202663242,77.6,0,164.661520266324,64.6615202663242,100,22862.9609667728
"279",2038-10-06,22698.2994465064,11268.8196065064,11429.47984,47,0,145.411688830206,67.8116888302064,77.6,0,145.411688830206,45.4116888302064,100,22745.2994465064
"280",2038-10-07,22599.8877576762,11221.9511176762,11377.93664,45,0,142.475220814964,64.8752208149637,77.6,0,142.475220814964,42.4752208149637,100,22644.8877576762
"281",2038-10-08,22502.4125368613,11177.1278968613,11325.28464,43,0,100,0,100,0,100,0,100,22545.4125368613
"282",2038-10-09,22445.4125368613,11196.2886968613,11249.12384,43,0,100,0,100,0,100,0,100,22488.4125368613
"283",2038-10-10,22388.4125368613,11215.4494968613,11172.96304,45,0,100,0,100,0,100,0,100,22433.4125368613
"284",2038-10-11,22333.4125368613,11235.5014968613,11097.91104,45,0,100,0,100,0,100,0,100,22378.4125368613
"285",2038-10-12,22278.4125368613,11255.5534968613,11022.85904,44.5,0,100,0,100,0,100,0,100,22322.9125368613
"286",2038-10-13,22222.9125368613,11275.3826968613,10947.52984,43,0,100,0,100,0,100,0,100,22265.9125368613
"287",2038-10-14,22165.9125368613,11294.5434968613,10871.36904,43,0,100,0,100,0,100,0,100,22208.9125368613
"288",2038-10-15,22108.9125368613,11313.7042968613,10795.20824,41,0,100,0,100,0,100,0,100,22149.9125368613
"289",2038-10-16,22049.9125368613,11331.9738968613,10717.93864,39.8,0,100,0,100,0,100,0,100,22089.7125368613
"290",2038-10-17,21989.7125368613,11349.7087768613,10640.00376,39,0,124.871003425935,47.2710034259353,77.6,0,124.871003425935,24.8710034259353,100,22028.7125368613
"291",2038-10-18,21903.8415334353,11319.8161734353,10584.02536,38,0,131.856745081573,54.2567450815729,77.6,0,131.856745081573,31.8567450815729,100,21941.8415334353
"292",2038-10-19,21809.9847883538,11282.4922283537,10527.49256,36,0,225.237107498745,147.637107498745,77.6,0,225.237107498745,125.237107498745,100,21845.9847883538
"293",2038-10-20,21620.747680855,11150.896720855,10469.85096,34,0,212.050000777801,134.450000777801,77.6,0,212.050000777801,112.050000777801,100,21654.747680855
"294",2038-10-21,21442.6976800772,11031.5971200772,10411.10056,30,0,197.818095991644,120.218095991644,77.6,0,197.818095991644,97.8180959916439,100,21472.6976800772
"295",2038-10-22,21274.8795840856,10924.7470240856,10350.13256,35.8,0,189.854344793165,112.254344793165,77.6,0,189.854344793165,89.854344793165,100,21310.6795840856
"296",2038-10-23,21120.8252392924,10828.4451592924,10292.38008,38,0,200.119187976588,122.519187976588,77.6,0,200.119187976588,100.119187976588,100,21158.8252392924
"297",2038-10-24,20958.7060513158,10722.8587713158,10235.84728,35.8,0,204.37282591909,126.77282591909,77.6,0,204.37282591909,104.37282591909,100,20994.5060513158
"298",2038-10-25,20790.1332253967,10612.0384253967,10178.0948,30,0,229.524635548479,151.924635548479,77.6,0,229.524635548479,151.924635548479,77.6,20820.1332253967
"299",2038-10-26,20590.6085898482,10473.4817898482,10117.1268,28,0,249.840943547711,172.240943547711,77.6,0,249.840943547711,172.240943547711,77.6,20618.6085898482
"300",2038-10-27,20368.7676463005,10313.7176463005,10055.05,26,0,236.848393112379,159.248393112379,77.6,0,236.848393112379,159.248393112379,77.6,20394.7676463005
"301",2038-10-28,20157.9192531882,10166.0548531881,9991.86440000001,25.9,0,212.203849684914,134.603849684914,77.6,0,212.203849684914,134.603849684914,77.6,20183.8192531882
"302",2038-10-29,19971.6154035032,10042.9920435032,9928.62336000001,24,0,233.066245379201,155.466245379201,77.6,0,233.066245379201,155.466245379201,77.6,19995.6154035032
"303",2038-10-30,19762.549158124,9898.22019812403,9864.32896000001,24,0,227.275071951235,149.675071951235,77.6,0,227.275071951235,149.675071951235,77.6,19786.549158124
"304",2038-10-31,19559.2740861728,9759.2395261728,9800.03456000001,24,0,190.35908518032,112.75908518032,77.6,0,190.35908518032,112.75908518032,77.6,19583.2740861728
"305",2038-11-01,19392.9150009925,9657.17484099248,9735.74016,24,0,178.156299569009,100.556299569009,77.6,0,178.156299569009,78.1562995690088,100,19416.9150009925
"306",2038-11-02,19238.7587014235,9567.31294142347,9671.44576000001,24,0,168.519103674207,90.9191036742068,77.6,0,168.519103674207,68.5191036742067,100,19262.7587014235
"307",2038-11-03,19094.2395977493,9487.08823774927,9607.15136000001,24,0,166.690634891647,89.0906348916468,77.6,0,166.690634891647,66.6906348916468,100,19118.2395977493
"308",2038-11-04,18951.5489628576,9408.69200285762,9542.85696000001,28,0,143.725760523187,66.1257605231874,77.6,0,143.725760523187,43.7257605231873,100,18979.5489628576
"309",2038-11-05,18835.8232023344,9355.04304233443,9480.78016000001,33.9,0,163.830618385213,86.230618385213,77.6,0,163.830618385213,63.830618385213,100,18869.7232023344
"310",2038-11-06,18705.8925839492,9283.91826394922,9421.97432000001,34,0,175.571135045011,97.9711350450105,77.6,0,175.571135045011,75.5711350450105,100,18739.8925839492
"311",2038-11-07,18564.3214489042,9201.09752890421,9363.22392000001,31.9,0,176.533130208306,98.9331302083063,77.6,0,176.533130208306,76.5331302083063,100,18596.2214489042
"312",2038-11-08,18419.6883186959,9116.3790386959,9303.30928000001,31.9,0,187.846911363366,110.246911363366,77.6,0,187.846911363366,110.246911363366,77.6,18451.5883186959
"313",2038-11-09,18263.7414073325,9020.34676733254,9243.39464000001,29.9,0,201.797423864336,124.197423864336,77.6,0,201.797423864336,124.197423864336,77.6,18293.6414073325
"314",2038-11-10,18091.8439834682,8909.4727834682,9182.37120000001,29.9,0,185.06281663315,107.46281663315,77.6,0,185.06281663315,107.46281663315,77.6,18121.7439834682
"315",2038-11-11,17936.6811668351,8815.33340683505,9121.34776000001,28,0,115.072729032747,37.4727290327468,77.6,0,115.072729032747,37.4727290327468,77.6,17964.6811668351
"316",2038-11-12,17849.6084378023,8790.33747780231,9059.27096000001,29.9,0,135.559863370013,57.9598633700132,77.6,0,135.559863370013,57.9598633700132,77.6,17879.5084378023
"317",2038-11-13,17743.9485744323,8745.70105443229,8998.24752000001,29.9,0,132.666500378211,55.0665003782112,77.6,0,132.666500378211,55.0665003782112,77.6,17773.8485744323
"318",2038-11-14,17641.1820740541,8703.95799405408,8937.22408000001,28,0,135.496524977923,57.8965249779231,77.6,0,135.496524977923,57.8965249779231,77.6,17669.1820740541
"319",2038-11-15,17533.6855490762,8658.53826907616,8875.14728000001,28,0,166.213788359813,88.613788359813,77.6,0,166.213788359813,88.613788359813,77.6,17561.6855490762
"320",2038-11-16,17395.4717607164,8582.40128071635,8813.07048000001,28,0,186.963585092449,109.363585092449,77.6,0,186.963585092449,109.363585092449,77.6,17423.4717607164
"321",2038-11-17,17236.5081756239,8485.5144956239,8750.99368000001,28,0,146.267440352091,68.667440352091,77.6,0,146.267440352091,68.667440352091,77.6,17264.5081756239
"322",2038-11-18,17118.2407352718,8429.32385527181,8688.91688000001,28,0,157.546891504782,79.9468915047821,77.6,0,157.546891504782,79.9468915047821,77.6,17146.2407352718
"323",2038-11-19,16988.693843767,8361.85376376703,8626.84008000001,26,0,164.47092416699,86.8709241669903,77.6,0,164.47092416699,86.8709241669903,77.6,17014.693843767
"324",2038-11-20,16850.2229196,8286.56843960004,8563.65448000001,26,0,190.393675521158,112.793675521158,77.6,0,190.393675521158,112.793675521158,77.6,16876.2229196
"325",2038-11-21,16685.8292440789,8185.36036407888,8500.46888000001,14.3,0,172.427961940542,94.8279619405423,77.6,0,172.427961940542,94.8279619405424,77.6,16700.1292440789
"326",2038-11-22,16527.7012821383,8096.90448213834,8430.79680000001,13.3,0,165.487131037895,87.8871310378945,77.6,0,165.487131037895,87.8871310378945,77.6,16541.0012821383
"327",2038-11-23,16375.5141511005,8014.94383110044,8360.57032000001,12.9,0,173.150532435916,95.5505324359161,77.6,0,173.150532435916,95.5505324359161,77.6,16388.4141511005
"328",2038-11-24,16215.2636186645,7925.14153866453,8290.12208000001,10.6,0,166.022008196834,88.4220081968344,77.6,0,166.022008196834,88.4220081968344,77.6,16225.8636186645
"329",2038-11-25,16059.8416104677,7841.44289046769,8218.39872000001,10.4,0,162.585487052118,84.9854870521184,77.6,0,162.585487052118,84.9854870521184,77.6,16070.2416104677
"330",2038-11-26,15907.6561234156,7761.09164341557,8146.56448000001,11.5,0,80.2683303781011,2.66833037810113,77.6,0,80.2683303781011,2.66833037810113,77.6,15919.1561234156
"331",2038-11-27,15838.8877930375,7763.54771303747,8075.34008000001,24,0,82.5080029804912,4.90800298049118,77.6,0,82.5080029804912,4.90800298049118,77.6,15862.8877930375
"332",2038-11-28,15780.379790057,7769.33411005698,8011.04568000001,28,0,86.9623586425262,9.3623586425262,77.6,0,86.9623586425262,9.3623586425262,77.6,15808.379790057
"333",2038-11-29,15721.4174314145,7772.44855141446,7948.96888000001,23,0,100.934644539284,23.3346445392842,77.6,0,100.934644539284,23.3346445392842,77.6,15744.4174314145
"334",2038-11-30,15643.4827868752,7759.36270687517,7884.12008000001,21,0,123.152502586048,45.5525025860477,77.6,0,123.152502586048,45.5525025860477,77.6,15664.4827868752
"335",2038-12-01,15541.3302842891,7723.16780428912,7818.16248000001,18.5,0,105.555950800451,27.9559508004511,77.6,0,105.555950800451,27.9559508004511,77.6,15559.8302842891
"336",2038-12-02,15454.2743334887,7703.45545348867,7750.81888000001,16.2,0,127.046148380634,49.4461483806339,77.6,0,127.046148380634,49.4461483806339,77.6,15470.4743334887
"337",2038-12-03,15343.428185108,7661.22802510804,7682.20016000001,12.9,0,138.156917095726,60.556917095726,77.6,0,138.156917095726,60.556917095726,77.6,15356.328185108
"338",2038-12-04,15218.1712680123,7606.41934801231,7611.75192000001,10.8,0,144.918550985442,67.3185509854418,77.6,0,144.918550985442,67.3185509854418,77.6,15228.9712680123
"339",2038-12-05,15084.0527170269,7543.91327702687,7540.13944000001,9.3,0,161.130669130388,83.5306691303875,77.6,0,161.130669130388,83.5306691303875,77.6,15093.3527170269
"340",2038-12-06,14932.2220478965,7464.52668789648,7467.69536000001,9,0,189.1742,111.5742,77.6,0,189.1742,111.5742,77.6,14941.2220478965
"341",2038-12-07,14752.0478478965,7356.96288789648,7395.08496000001,7.7,0,198.741125,121.141125,77.6,0,198.741125,121.141125,77.6,14759.7478478965
"342",2038-12-08,14561.0067228965,7239.25288289648,7321.75384000001,10.2,0,198.578275,120.978275,77.6,0,198.578275,120.978275,77.6,14571.2067228965
"343",2038-12-09,14372.6284478965,7122.81972789648,7249.80872000001,56,0,77.6,0,77.6,0,77.6,0,77.6,14428.6284478965
"344",2038-12-10,14351.0284478965,7147.77332789648,7203.25512000001,70.9,0,83.6010987990344,6.00109879903437,77.6,0,83.6010987990344,6.00109879903437,77.6,14421.9284478965
"345",2038-12-11,14338.3273490975,7173.36526909745,7164.96208000001,69,0,108.121172133765,30.5211721337649,77.6,0,108.121172133765,30.5211721337649,77.6,14407.3273490975
"346",2038-12-12,14299.2061769637,7173.59049696368,7125.61568000001,66,0,96.5815799039621,18.9815799039621,77.6,0,96.5815799039621,18.9815799039621,77.6,14365.2061769637
"347",2038-12-13,14268.6245970597,7184.01851705972,7084.60608000001,59.9,0,77.6,0,77.6,0,77.6,0,77.6,14328.5245970597
"348",2038-12-14,14250.9245970597,7210.70995705972,7040.21464000001,53,0,77.6,0,77.6,0,77.6,0,77.6,14303.9245970597
"349",2038-12-15,14226.3245970597,7234.32675705972,6991.99784000001,50.9,0,77.6,0,77.6,0,77.6,0,77.6,14277.2245970597
"350",2038-12-16,14199.6245970597,7257.00779705972,6942.61680000001,52.9,0,77.6,0,77.6,0,77.6,0,77.6,14252.5245970597
"351",2038-12-17,14174.9245970597,7280.58003705972,6894.34456000001,52.9,0,108.741007514144,31.1410075141444,77.6,0,108.741007514144,31.1410075141444,77.6,14227.8245970597
"352",2038-12-18,14119.0835895456,7273.01126954558,6846.07232000001,53,0,145.442490227904,67.8424902279042,77.6,0,145.442490227904,67.8424902279042,77.6,14172.0835895456
"353",2038-12-19,14026.6410993177,7228.78557931767,6797.85552000001,56,0,149.776017867991,72.1760178679907,77.6,0,149.776017867991,72.1760178679907,77.6,14082.6410993177
"354",2038-12-20,13932.8650814497,7181.56316144968,6751.30192000001,59.4,0,163.772483977657,86.1724839776567,77.6,0,163.772483977657,86.1724839776567,77.6,13992.2650814497
"355",2038-12-21,13828.492597472,7121.85931747202,6706.63328000001,57.4,0,186.575830935916,108.975830935916,77.6,0,186.575830935916,108.975830935916,77.6,13885.892597472
"356",2038-12-22,13699.3167665361,7038.46092653611,6660.85584000001,87.9,0,178.309685780091,100.709685780091,77.6,0,178.309685780091,100.709685780091,77.6,13787.2167665361
"357",2038-12-23,13608.907080756,6976.91948075602,6631.98760000001,97.7,0,164.083421714292,86.4834217142924,77.6,0,164.083421714292,86.4834217142924,77.6,13706.607080756
"358",2038-12-24,13542.5236590417,6933.97117904173,6608.55248000001,81,0,161.438550883976,83.8385508839757,77.6,0,161.438550883976,83.8385508839757,77.6,13623.5236590417
"359",2038-12-25,13462.0851081578,6886.22622815775,6575.85888000001,81,0,160.171027314823,82.5710273148226,77.6,0,160.171027314823,82.5710273148226,77.6,13543.0851081578
"360",2038-12-26,13382.9140808429,6839.74880084293,6543.16528000001,71,0,160.16440007521,82.5644000752099,77.6,0,160.16440007521,82.5644000752099,77.6,13453.9140808429
"361",2038-12-27,13293.7496807677,6788.82200076772,6504.92768000001,64,0,162.640491200881,85.0404912008815,77.6,0,162.640491200881,85.0404912008815,77.6,13357.7496807677
"362",2038-12-28,13195.1091895668,6732.29990956684,6462.80928000001,56,0,142.486429892603,64.8864298926025,77.6,0,142.486429892603,64.8864298926025,77.6,13251.1091895668
"363",2038-12-29,13108.6227596742,6692.36707967423,6416.25568000001,58,0,131.094275216167,53.494275216167,77.6,0,131.094275216167,53.494275216167,77.6,13166.6227596742
"364",2038-12-30,13035.5284844581,6664.71760445807,6370.81088000001,81,0,143.316856622322,65.7168566223219,77.6,0,143.316856622322,65.7168566223219,77.6,13116.5284844581
"365",2038-12-31,12973.2116278358,6635.09434783574,6338.11728000001,83.9,0,167.736172258001,90.1361722580015,77.6,0,167.736172258001,90.1361722580015,77.6,13057.1116278358
"366",2039-01-01,12889.3754555778,6582.34401557774,6307.03144000001,81,0,199.000852534443,121.400852534443,77.6,0,199.000852534443,121.400852534443,77.6,12970.3754555778
"367",2039-01-02,12771.3746030433,6497.0367630433,6274.33784000001,81,0,204.390489178206,126.790489178206,77.6,0,204.390489178206,126.790489178206,77.6,12852.3746030433
"368",2039-01-03,12647.9841138651,6406.33987386509,6241.64424000001,83.9,0,77.6,0,77.6,0,77.6,0,77.6,12731.8841138651
"369",2039-01-04,12654.2841138651,6443.72571386509,6210.55840000001,79,0,77.6,0,77.6,0,77.6,0,77.6,12733.2841138651
"370",2039-01-05,12655.6841138651,6478.92811386509,6176.75600000001,79,0,77.6,0,77.6,0,77.6,0,77.6,12734.6841138651
"371",2039-01-06,12657.0841138651,6514.13051386509,6142.95360000001,64,0,77.6,0,77.6,0,77.6,0,77.6,12721.0841138651
"372",2039-01-07,12643.4841138651,6542.64891386509,6100.83520000001,61.1,0,77.6,0,77.6,0,77.6,0,77.6,12704.5841138651
"373",2039-01-08,12626.9841138651,6569.87507386509,6057.10904000001,56.8,0,77.6,0,77.6,0,77.6,0,77.6,12683.7841138651
"374",2039-01-09,12606.1841138651,6595.18515386509,6010.99896000001,111,0,77.6,0,77.6,0,77.6,0,77.6,12717.1841138651
"375",2039-01-10,12639.5841138651,6644.64675386509,5994.93736000001,150,0,77.6,0,77.6,0,77.6,0,77.6,12789.5841138651
"376",2039-01-11,12711.9841138651,6711.48675386509,6000.49736,120,0,77.6,0,77.6,0,77.6,0,77.6,12831.9841138651
"377",2039-01-12,12754.3841138651,6764.95875386509,5989.42536,114,0,77.6,0,77.6,0,77.6,0,77.6,12868.3841138651
"378",2039-01-13,12790.7841138651,6815.75715386509,5975.02696,165.8,0,77.6,0,77.6,0,77.6,0,77.6,12956.5841138651
"379",2039-01-14,12878.9841138651,6889.63763386509,5989.34648,288.1,0,77.6,0,77.6,0,77.6,0,77.6,13167.0841138651
"380",2039-01-15,13089.4841138651,7018.01499386509,6071.46912,328.4,0,77.6,0,77.6,0,77.6,0,77.6,13417.8841138651
"381",2039-01-16,13340.2841138651,7164.35003386509,6175.93408,250.6,0,77.6,0,77.6,0,77.6,0,77.6,13590.8841138651
"382",2039-01-17,13513.2841138651,7276.01739386509,6237.26672,266.7,0,77.6,0,77.6,0,77.6,0,77.6,13779.9841138651
"383",2039-01-18,13702.3841138651,7394.85891386509,6307.5252,586,0,77.6,0,77.6,0,77.6,0,77.6,14288.3841138651
"384",2039-01-19,14210.7841138651,7655.98051386509,6554.8036,849.4,0,77.6,0,77.6,0,77.6,0,77.6,15060.1841138651
"385",2039-01-20,14982.5841138651,8034.47315386509,6948.11096,786.2,0,77.6,0,77.6,0,77.6,0,77.6,15768.7841138651
"386",2039-01-21,15691.1841138651,8384.8038738651,7306.38024,660,0,77.6,0,77.6,0,77.6,0,77.6,16351.1841138651
"387",2039-01-22,16273.5841138651,8678.8998738651,7594.68424,633.2,0,77.6,0,77.6,0,77.6,0,77.6,16906.7841138651
"388",2039-01-23,16829.1841138651,8961.0537938651,7868.13032,828.9,0,77.6,0,77.6,0,77.6,0,77.6,17658.0841138651
"389",2039-01-24,17580.4841138651,9330.4116338651,8250.07248,1127.9,0,200,0,200,0,200,0,200,18708.3841138651
"390",2039-01-25,18508.3841138651,9833.0038738651,8675.38024,1054.9,0,200,0,200,0,200,0,200,19563.2841138651
"391",2039-01-26,19363.2841138651,10303.0673138651,9060.21680000001,850.8,0,419.084113865101,0,200,0,200,0,200,20214.0841138651
"392",2039-01-27,19795,10682.1837938651,9112.8162061349,726.2,0,726.200000000001,0,200,0,200,0,200,20521.2
"393",2039-01-28,19795,11005.7785138651,8789.2214861349,657.3,0,657.299999999999,0,200,0,200,0,200,20452.3
"394",2039-01-29,19795,11298.6713938651,8496.3286061349,599.5,0,599.5,0,200,0,200,0,200,20394.5
"395",2039-01-30,19795,11565.8085938651,8229.19140613491,548.8,0,548.799999999999,0,200,0,200,0,200,20343.8
"396",2039-01-31,19795,11810.3538738651,7984.6461261349,507.4,0,507.400000000001,0,200,0,200,0,200,20302.4
"397",2039-02-01,19795,12036.4513138651,7758.54868613491,459,0,459,0,200,0,200,0,200,20254
"398",2039-02-02,19795,12240.9817138651,7554.01828613491,441.5,0,441.5,0,200,0,200,0,200,20236.5
"399",2039-02-03,19795,12437.7141138651,7357.28588613491,465.5,0,465.5,0,200,0,200,0,200,20260.5
"400",2039-02-04,19795,12576.1688,7218.8312,443.5,0,443.5,0,200,0,200,0,200,20238.5
"401",2039-02-05,19795,12576.1688,7218.8312,417,0,417,0,200,0,200,0,200,20212
"402",2039-02-06,19795,12576.1688,7218.8312,418.5,0,418.5,0,200,0,200,0,200,20213.5
"403",2039-02-07,19795,12576.1688,7218.8312,436.2,0,436.200000000001,0,200,0,200,0,200,20231.2
"404",2039-02-08,19795,12576.1688,7218.8312,874,0,874,0,200,0,200,0,200,20669
"405",2039-02-09,19795,12576.1688,7218.8312,701.1,0,701.099999999999,0,200,0,200,0,200,20496.1
"406",2039-02-10,19795,12576.1688,7218.8312,570.9,0,570.900000000001,0,200,0,200,0,200,20365.9
"407",2039-02-11,19795,12576.1688,7218.8312,465.7,0,465.700000000001,0,200,0,200,0,200,20260.7
"408",2039-02-12,19795,12576.1688,7218.8312,405.4,0,405.400000000001,0,200,0,200,0,200,20200.4
"409",2039-02-13,19795,12576.1688,7218.8312,387,0,387,0,200,0,200,0,200,20182
"410",2039-02-14,19795,12576.1688,7218.8312,363,0,363,0,200,0,200,0,200,20158
"411",2039-02-15,19795,12576.1688,7218.8312,336.2,0,336.200000000001,0,200,0,200,0,200,20131.2
"412",2039-02-16,19795,12576.1688,7218.8312,327,0,327,0,200,0,200,0,200,20122
"413",2039-02-17,19795,12576.1688,7218.8312,318.2,0,318.200000000001,0,200,0,200,0,200,20113.2
"414",2039-02-18,19795,12576.1688,7218.8312,318.2,0,318.200000000001,0,200,0,200,0,200,20113.2
"415",2039-02-19,19795,12576.1688,7218.8312,306,0,306,0,200,0,200,0,200,20101
"416",2039-02-20,19795,12576.1688,7218.8312,291,0,291,0,200,0,200,0,200,20086
"417",2039-02-21,19795,12576.1688,7218.8312,271.4,0,271.400000000001,0,200,0,200,0,200,20066.4
"418",2039-02-22,19795,12576.1688,7218.8312,256,0,256,0,200,0,200,0,200,20051
"419",2039-02-23,19795,12576.1688,7218.8312,237.6,0,237.599999999999,0,200,0,200,0,200,20032.6
"420",2039-02-24,19795,12576.1688,7218.8312,220,0,220,0,200,0,200,0,200,20015
"421",2039-02-25,19795,12576.1688,7218.8312,201,0,201,0,200,0,200,0,200,19996
"422",2039-02-26,19795,12576.1688,7218.8312,190.9,0,200,0,200,0,200,0,200,19985.9
"423",2039-02-27,19785.9,12576.1688,7209.7312,190.9,0,200,0,200,0,200,0,200,19976.8
"424",2039-02-28,19776.8,12576.1688,7200.6312,279.5,0,261.300000000003,0,200,0,200,0,200,20056.3
"425",2039-03-01,19795,12576.1688,7218.8312,465.9,0,77.6,0,77.6,0,77.6,0,77.6,20260.9
"426",2039-03-02,20183.3,12576.1688,7607.1312,415,0,77.6,0,77.6,0,77.6,0,77.6,20598.3
"427",2039-03-03,20520.7,12576.1688,7944.5312,358.8,0,200,0,200,0,200,0,200,20879.5
"428",2039-03-04,20679.5,12576.1688,8103.3312,1877.6,0,230.100000000002,0,200,0,200,0,200,22557.1
"429",2039-03-05,22327,12576.1688,9750.8312,705.4,0,705.400000000001,0,200,0,200,0,200,23032.4
"430",2039-03-06,22327,12576.1688,9750.8312,450,0,450,0,200,0,200,0,200,22777
"431",2039-03-07,22327,12576.1688,9750.8312,428.9,0,428.900000000001,0,200,0,200,0,200,22755.9
"432",2039-03-08,22327,12576.1688,9750.8312,405.9,0,405.900000000001,0,200,0,200,0,200,22732.9
"433",2039-03-09,22327,12576.1688,9750.8312,373,0,373,0,200,0,200,0,200,22700
"434",2039-03-10,22327,12576.1688,9750.8312,338,0,338,0,200,0,200,0,200,22665
"435",2039-03-11,22327,12576.1688,9750.8312,319,0,319,0,200,0,200,0,200,22646
"436",2039-03-12,22327,12576.1688,9750.8312,323.7,0,323.700000000001,0,200,0,200,0,200,22650.7
"437",2039-03-13,22327,12576.1688,9750.8312,345.6,0,345.599999999999,0,200,0,200,0,200,22672.6
"438",2039-03-14,22327,12576.1688,9750.8312,374.2,0,374.200000000001,0,200,0,200,0,200,22701.2
"439",2039-03-15,22327,12576.1688,9750.8312,897.8,0,897.799999999999,0,200,0,200,0,200,23224.8
"440",2039-03-16,22327,12576.1688,9750.8312,701.3,0,701.299999999999,0,200,0,200,0,200,23028.3
"441",2039-03-17,22327,12576.1688,9750.8312,700,0,700,0,200,0,200,0,200,23027
"442",2039-03-18,22327,12576.1688,9750.8312,663.4,0,663.400000000001,0,200,0,200,0,200,22990.4
"443",2039-03-19,22327,12576.1688,9750.8312,552.2,0,552.200000000001,0,200,0,200,0,200,22879.2
"444",2039-03-20,22327,12576.1688,9750.8312,454,0,454,0,200,0,200,0,200,22781
"445",2039-03-21,22327,12576.1688,9750.8312,424.6,0,424.599999999999,0,200,0,200,0,200,22751.6
"446",2039-03-22,22327,12576.1688,9750.8312,634,0,634,0,200,0,200,0,200,22961
"447",2039-03-23,22327,12576.1688,9750.8312,576,0,576,0,200,0,200,0,200,22903
"448",2039-03-24,22327,12576.1688,9750.8312,447,0,447,0,200,0,200,0,200,22774
"449",2039-03-25,22327,12576.1688,9750.8312,417,0,417,0,200,0,200,0,200,22744
"450",2039-03-26,22327,12576.1688,9750.8312,380.9,0,380.900000000001,0,200,0,200,0,200,22707.9
"451",2039-03-27,22327,12576.1688,9750.8312,362.8,0,362.799999999999,0,200,0,200,0,200,22689.8
"452",2039-03-28,22327,12576.1688,9750.8312,344.5,0,344.5,0,200,0,200,0,200,22671.5
"453",2039-03-29,22327,12576.1688,9750.8312,331.5,0,331.5,0,200,0,200,0,200,22658.5
"454",2039-03-30,22327,12576.1688,9750.8312,317.8,0,317.799999999999,0,200,0,200,0,200,22644.8
"455",2039-03-31,22327,12576.1688,9750.8312,302.8,0,302.799999999999,0,200,0,200,0,200,22629.8
"456",2039-04-01,22327,12576.1688,9750.8312,288.6,0,77.6,0,77.6,0,77.6,0,77.6,22615.6
"457",2039-04-02,22538,12576.1688,9961.8312,278,0,77.6,0,77.6,0,77.6,0,77.6,22816
"458",2039-04-03,22738.4,12576.1688,10162.2312,266,0,77.6,0,77.6,0,77.6,0,77.6,23004.4
"459",2039-04-04,22926.8,12576.1688,10350.6312,252.3,0,77.6,0,77.6,0,77.6,0,77.6,23179.1
"460",2039-04-05,23101.5,12576.1688,10525.3312,241.5,0,77.6,0,77.6,0,77.6,0,77.6,23343
"461",2039-04-06,23265.4,12576.1688,10689.2312,234.8,0,77.6,0,77.6,0,77.6,0,77.6,23500.2
"462",2039-04-07,23422.6,12576.1688,10846.4312,205.9,0,77.6,0,77.6,0,77.6,0,77.6,23628.5
"463",2039-04-08,23550.9,12576.1688,10974.7312,185.9,0,77.6,0,77.6,0,77.6,0,77.6,23736.8
"464",2039-04-09,23659.2,12576.1688,11083.0312,184,0,77.6,0,77.6,0,77.6,0,77.6,23843.2
"465",2039-04-10,23765.6,12576.1688,11189.4312,826.3,0,77.6,0,77.6,0,77.6,0,77.6,24591.9
"466",2039-04-11,24514.3,12576.1688,11938.1312,435.8,0,77.6,0,77.6,0,77.6,0,77.6,24950.1
"467",2039-04-12,24872.5,12576.1688,12296.3312,1099.3,0,77.6,0,77.6,0,77.6,0,77.6,25971.8
"468",2039-04-13,25894.2,12576.1688,13318.0312,612,0,77.6,0,77.6,0,77.6,0,77.6,26506.2
"469",2039-04-14,26428.6,12576.1688,13852.4312,403,0,77.6,0,77.6,0,77.6,0,77.6,26831.6
"470",2039-04-15,26754,12576.1688,14177.8312,326.9,0,77.6,0,77.6,0,77.6,0,77.6,27080.9
"471",2039-04-16,27003.3,12576.1688,14427.1312,484,0,200,0,200,0,200,0,200,27487.3
"472",2039-04-17,27287.3,12576.1688,14711.1312,396,0,200,0,200,0,200,0,200,27683.3
"473",2039-04-18,27483.3,12576.1688,14907.1312,345,0,200,0,200,0,200,0,200,27828.3
"474",2039-04-19,27628.3,12576.1688,15052.1312,350.1,0,200,0,200,0,200,0,200,27978.4
"475",2039-04-20,27778.4,12576.1688,15202.2312,366.5,0,200,0,200,0,200,0,200,28144.9
"476",2039-04-21,27944.9,12576.1688,15368.7312,325,0,200,0,200,0,200,0,200,28269.9
"477",2039-04-22,28069.9,12576.1688,15493.7312,338,0,200,0,200,0,200,0,200,28407.9
"478",2039-04-23,28207.9,12576.1688,15631.7312,357,0,341.90000000002,0,200,0,200,0,200,28564.9
"479",2039-04-24,28223,12576.1688,15646.8312,582.4,0,582.400000000001,0,200,0,200,0,200,28805.4
"480",2039-04-25,28223,12576.1688,15646.8312,612.3,0,200,0,200,0,200,0,200,28835.3
"481",2039-04-26,28635.3,12576.1688,15646.8312,424.6,0,236.899999999998,0,200,0,200,0,200,29059.9
"482",2039-04-27,28823,12576.1688,15646.8312,357.4,0,970,0,970,0,970,0,970,29180.4
"483",2039-04-28,28210.4,12576.1688,15634.2312,308.7,0,970,0,970,0,970,0,970,28519.1
"484",2039-04-29,27549.1,12576.1688,14972.9312,269.2,0,200,0,200,0,200,0,200,27818.3
"485",2039-04-30,27618.3,12576.1688,15042.1312,248,0,200,0,200,0,200,0,200,27866.3
"486",2039-05-01,27666.3,12576.1688,15090.1312,235,0,200,0,200,0,200,0,200,27901.3
"487",2039-05-02,27701.3,12576.1688,15125.1312,223,0,200,0,200,0,200,0,200,27924.3
"488",2039-05-03,27724.3,12576.1688,15148.1312,207.8,0,200,0,200,0,200,0,200,27932.1
"489",2039-05-04,27732.1,12576.1688,15155.9312,197,0,200,0,200,0,200,0,200,27929.1
"490",2039-05-05,27729.1,12576.1688,15152.9312,188,0,200,0,200,0,200,0,200,27917.1
"491",2039-05-06,27717.1,12576.1688,15140.9312,171,0,200,0,200,0,200,0,200,27888.1
"492",2039-05-07,27688.1,12576.1688,15111.9312,157.6,0,200,0,200,0,200,0,200,27845.7
"493",2039-05-08,27645.7,12576.1688,15069.5312,189.5,0,200,0,200,0,200,0,200,27835.2
"494",2039-05-09,27635.2,12576.1688,15059.0312,192.5,0,200,0,200,0,200,0,200,27827.7
"495",2039-05-10,27627.7,12576.1688,15051.5312,160,0,200,0,200,0,200,0,200,27787.7
"496",2039-05-11,27587.7,12576.1688,15011.5312,139,0,200,0,200,0,200,0,200,27726.7
"497",2039-05-12,27526.7,12576.1688,14950.5312,125.8,0,200,0,200,0,200,0,200,27652.5
"498",2039-05-13,27452.5,12576.1688,14876.3312,116,0,200,0,200,0,200,0,200,27568.5
"499",2039-05-14,27368.5,12576.1688,14792.3312,131,0,200,0,200,0,200,0,200,27499.5
"500",2039-05-15,27299.5,12576.1688,14723.3312,122,0,200,0,200,0,200,0,200,27421.5
"501",2039-05-16,27221.5,12576.1688,14645.3312,116,0,200,0,200,0,200,0,200,27337.5
"502",2039-05-17,27137.5,12576.1688,14561.3312,108.9,0,200,0,200,0,200,0,200,27246.4
"503",2039-05-18,27046.4,12576.1688,14470.2312,103,0,200,0,200,0,200,0,200,27149.4
"504",2039-05-19,26949.4,12576.1688,14373.2312,101,0,200,0,200,0,200,0,200,27050.4
"505",2039-05-20,26850.4,12576.1688,14274.2312,98.9,0,200,0,200,0,200,0,200,26949.3
"506",2039-05-21,26749.3,12576.1688,14173.1312,90,0,200,0,200,0,200,0,200,26839.3
"507",2039-05-22,26639.3,12576.1688,14063.1312,86,0,200,0,200,0,200,0,200,26725.3
"508",2039-05-23,26525.3,12576.1688,13949.1312,118,0,200,0,200,0,200,0,200,26643.3
"509",2039-05-24,26443.3,12576.1688,13867.1312,122,0,200,0,200,0,200,0,200,26565.3
"510",2039-05-25,26365.3,12576.1688,13789.1312,109,0,77.6,0,77.6,0,77.6,0,77.6,26474.3
"511",2039-05-26,26396.7,12576.1688,13820.5312,101,0,77.6,0,77.6,0,77.6,0,77.6,26497.7
"512",2039-05-27,26420.1,12576.1688,13843.9312,92,0,77.6,0,77.6,0,77.6,0,77.6,26512.1
"513",2039-05-28,26434.5,12576.1688,13858.3312,88,0,77.6,0,77.6,0,77.6,0,77.6,26522.5
"514",2039-05-29,26444.9,12576.1688,13868.7312,78.9,0,77.6,0,77.6,0,77.6,0,77.6,26523.8
"515",2039-05-30,26446.2,12576.1688,13870.0312,69,0,77.6,0,77.6,0,77.6,0,77.6,26515.2
"516",2039-05-31,26437.6,12576.1688,13861.4312,67.9,0,77.6,0,77.6,0,77.6,0,77.6,26505.5
"517",2039-06-01,26427.9,12576.1688,13851.7312,63.9,0,77.6,0,77.6,0,77.6,0,77.6,26491.8
"518",2039-06-02,26414.2,12576.1688,13838.0312,62,0,77.6,0,77.6,0,77.6,0,77.6,26476.2
"519",2039-06-03,26398.6,12576.1688,13822.4312,57.8,0,77.6,0,77.6,0,77.6,0,77.6,26456.4
"520",2039-06-04,26378.8,12576.1688,13802.6312,58,0,77.6,0,77.6,0,77.6,0,77.6,26436.8
"521",2039-06-05,26359.2,12576.1688,13783.0312,53,0,77.6,0,77.6,0,77.6,0,77.6,26412.2
"522",2039-06-06,26334.6,12576.1688,13758.4312,51,0,77.6,0,77.6,0,77.6,0,77.6,26385.6
"523",2039-06-07,26308,12576.1688,13731.8312,47,0,77.6,0,77.6,0,77.6,0,77.6,26355
"524",2039-06-08,26277.4,12576.1688,13701.2312,45,0,77.6,0,77.6,0,77.6,0,77.6,26322.4
"525",2039-06-09,26244.8,12576.1688,13668.6312,45,0,77.6,0,77.6,0,77.6,0,77.6,26289.8
"526",2039-06-10,26212.2,12576.1688,13636.0312,45,0,77.6,0,77.6,0,77.6,0,77.6,26257.2
"527",2039-06-11,26179.6,12576.1688,13603.4312,41,0,77.6,0,77.6,0,77.6,0,77.6,26220.6
"528",2039-06-12,26143,12576.1688,13566.8312,41,0,77.6,0,77.6,0,77.6,0,77.6,26184
"529",2039-06-13,26106.4,12576.1688,13530.2312,39,0,77.6,0,77.6,0,77.6,0,77.6,26145.4
"530",2039-06-14,26067.8,12576.1688,13491.6312,20,0,77.6,0,77.6,0,77.6,0,77.6,26087.8
"531",2039-06-15,26010.2,12576.1688,13434.0312,21,0,77.6,0,77.6,0,77.6,0,77.6,26031.2
"532",2039-06-16,25953.6,12576.1688,13377.4312,21.5,0,77.6,0,77.6,0,77.6,0,77.6,25975.1
"533",2039-06-17,25897.5,12576.1688,13321.3312,43,0,77.6,0,77.6,0,77.6,0,77.6,25940.5
"534",2039-06-18,25862.9,12576.1688,13286.7312,59.9,0,77.6,0,77.6,0,77.6,0,77.6,25922.8
"535",2039-06-19,25845.2,12576.1688,13269.0312,64,0,77.6,0,77.6,0,77.6,0,77.6,25909.2
"536",2039-06-20,25831.6,12576.1688,13255.4312,60,0,77.6,0,77.6,0,77.6,0,77.6,25891.6
"537",2039-06-21,25814,12576.1688,13237.8312,55.9,0,77.6,0,77.6,0,77.6,0,77.6,25869.9
"538",2039-06-22,25792.3000000001,12576.1688,13216.1312000001,50.9,0,77.6,0,77.6,0,77.6,0,77.6,25843.2000000001
"539",2039-06-23,25765.6000000001,12576.1688,13189.4312000001,46.9,0,77.6,0,77.6,0,77.6,0,77.6,25812.5000000001
"540",2039-06-24,25734.9000000001,12576.1688,13158.7312000001,43,0,77.6,0,77.6,0,77.6,0,77.6,25777.9000000001
"541",2039-06-25,25700.3000000001,12576.1688,13124.1312000001,41,0,94.5547394795635,16.9547394795635,77.6,0,94.5547394795635,16.9547394795635,77.6,25741.3000000001
"542",2039-06-26,25646.7452605205,12576.1688,13070.5764605205,39,0,119.450952827696,41.8509528276958,77.6,0,119.450952827696,41.8509528276958,77.6,25685.7452605205
"543",2039-06-27,25566.2943076928,12551.6962471723,13014.5980605205,26,0,173.56770757426,95.96770757426,77.6,0,173.56770757426,95.96770757426,77.6,25592.2943076928
"544",2039-06-28,25418.7266001185,12467.314139598,12951.4124605205,26,0,213.149551016269,135.549551016269,77.6,0,213.149551016269,135.549551016269,77.6,25444.7266001185
"545",2039-06-29,25231.5770491023,12343.3501885818,12888.2268605205,30,0,197.535884822043,119.935884822043,77.6,0,197.535884822043,119.935884822043,77.6,25261.5770491023
"546",2039-06-30,25064.0411642802,12236.7823037597,12827.2588605205,51,0,152.737603508256,75.1376035082557,77.6,0,152.737603508256,75.1376035082557,77.6,25115.0411642802
"547",2039-07-01,24962.303560772,12184.3703002515,12777.9332605205,53,0,160,0,160,0,160,0,160,25015.303560772
"548",2039-07-02,24855.303560772,12207.9871002515,12647.3164605205,51,0,201.747693140258,124.147693140258,77.6,0,201.747693140258,124.147693140258,77.6,24906.303560772
"549",2039-07-03,24704.5558676317,12106.5650071112,12597.9908605205,47,0,225.157672852085,147.557672852085,77.6,0,225.157672852085,147.557672852085,77.6,24751.5558676317
"550",2039-07-04,24526.3981947796,11979.9505342591,12546.4476605205,45,0,277.194189915159,199.594189915159,77.6,0,277.194189915159,199.594189915159,77.6,24571.3981947796
"551",2039-07-05,24294.2040048645,11800.408344344,12493.7956605205,36,0,319.439825196219,241.839825196219,77.6,0,319.439825196219,241.839825196219,77.6,24330.2040048645
"552",2039-07-06,24010.7641796682,11574.6101191478,12436.1540605205,30,0,344.300249522689,266.700249522689,77.6,0,344.300249522689,266.700249522689,77.6,24040.7641796682
"553",2039-07-07,23696.4639301456,11321.2778696251,12375.1860605205,26,0,346.893204030385,269.293204030385,77.6,0,346.893204030385,269.293204030385,77.6,23722.4639301456
"554",2039-07-08,23375.5707261152,11063.5702655947,12312.0004605205,26,0,336.873757165824,259.273757165824,77.6,0,336.873757165824,259.273757165824,77.6,23401.5707261152
"555",2039-07-09,23064.6969689493,10815.8821084289,12248.8148605205,26,0,345.032047636666,267.432047636666,77.6,0,345.032047636666,267.432047636666,77.6,23090.6969689493
"556",2039-07-10,22745.6649213127,10560.0356607922,12185.6292605205,26,0,349.365543300331,271.765543300331,77.6,0,349.365543300331,271.765543300331,77.6,22771.6649213127
"557",2039-07-11,22422.2993780124,10299.8557174919,12122.4436605205,30,0,316.220188837424,238.620188837424,77.6,0,316.220188837424,238.620188837424,77.6,22452.2993780124
"558",2039-07-12,22136.0791891749,10074.6035286544,12061.4756605205,30,0,266.651232521236,189.051232521236,77.6,0,266.651232521236,189.051232521236,77.6,22166.0791891749
"559",2039-07-13,21899.4279566537,9898.92029613321,12000.5076605205,28,0,247.864977270268,170.264977270268,77.6,0,247.864977270268,170.264977270268,77.6,21927.4279566537
"560",2039-07-14,21679.5629793834,9741.13211886294,11938.4308605205,26,0,284.799088372224,207.199088372224,77.6,0,284.799088372224,207.199088372224,77.6,21705.5629793834
"561",2039-07-15,21420.7638910112,9545.51863049071,11875.2452605205,28,0,322.490274044064,244.890274044064,77.6,0,322.490274044064,244.890274044064,77.6,21448.7638910112
"562",2039-07-16,21126.2736169671,9313.10515644665,11813.1684605205,24,0,369.921875256019,292.321875256019,77.6,0,369.921875256019,292.321875256019,77.6,21150.2736169671
"563",2039-07-17,20780.3517417111,9031.47768119063,11748.8740605205,24,0,400.903625,323.303625,77.6,0,400.903625,323.303625,77.6,20804.3517417111
"564",2039-07-18,20403.4481167111,8718.86845619063,11684.5796605205,24,0,425.490925,347.890925,77.6,0,425.490925,347.890925,77.6,20427.4481167111
"565",2039-07-19,20001.9571917111,8381.67193119063,11620.2852605205,24,0,445.284875,367.684875,77.6,0,445.284875,367.684875,77.6,20025.9571917111
"566",2039-07-20,19580.6723167111,8024.68145619063,11555.9908605205,24,0,440.91705,363.31705,77.6,0,440.91705,363.31705,77.6,19604.6723167111
"567",2039-07-21,19163.7552667111,7672.05880619063,11491.6964605205,24,0,421.463,343.863,77.6,0,421.463,343.863,77.6,19187.7552667111
"568",2039-07-22,18766.2922667111,7338.89020619063,11427.4020605205,24,0,360.6899325,283.0899325,77.6,0,360.6899325,283.0899325,77.6,18790.2922667111
"569",2039-07-23,18429.6023342111,7066.49467369063,11363.1076605205,12.1,0,359.76823,282.16823,77.6,0,359.76823,282.16823,77.6,18441.7023342111
"570",2039-07-24,18081.9341042111,6789.71820369063,11292.2159005205,23,0,377.16447,299.56447,77.6,0,377.16447,299.56447,77.6,18104.9341042111
"571",2039-07-25,17727.7696342111,6500.40253369063,11227.3671005205,28,0,374.78145,297.18145,77.6,0,374.78145,297.18145,77.6,17755.7696342111
"572",2039-07-26,17380.9881842111,6215.69788369063,11165.2903005205,43,0,357.569846436701,279.969846436701,77.6,0,357.569846436701,279.969846436701,77.6,17423.9881842111
"573",2039-07-27,17066.4183377744,5954.88883725393,11111.5295005205,39,0,357.596349063271,279.996349063271,77.6,0,357.596349063271,279.996349063271,77.6,17105.4183377744
"574",2039-07-28,16747.8219887111,5692.27088819066,11055.5511005205,36,0,348.370640222699,270.770640222699,77.6,0,348.370640222699,270.770640222699,77.6,16783.8219887111
"575",2039-07-29,16435.4513484884,5437.54184796796,10997.9095005205,53,0,348.166300843814,270.566300843814,77.6,0,348.166300843814,270.566300843814,77.6,16488.4513484884
"576",2039-07-30,16140.2850476446,5190.59234712415,10949.6927005205,71,0,333.284226425266,255.684226425266,77.6,0,333.284226425266,255.684226425266,77.6,16211.2850476446
"577",2039-07-31,15878.0008212194,4966.54572069888,10911.4551005205,60.7,0,332.700146829741,255.100146829741,77.6,0,332.700146829741,255.100146829741,77.6,15938.7008212194
"578",2039-08-01,15606.0006743896,4738.49349386914,10867.5071805205,64,0,323.725427016082,246.125427016082,77.6,0,323.725427016082,246.125427016082,77.6,15670.0006743896
"579",2039-08-02,15346.2752473735,4520.88646685306,10825.3887805205,54,0,296.583412939148,218.983412939148,77.6,0,296.583412939148,218.983412939148,77.6,15400.2752473735
"580",2039-08-03,15103.6918344344,4325.96545391391,10777.7263805205,49,0,295.116541160325,217.516541160325,77.6,0,295.116541160325,217.516541160325,77.6,15152.6918344344
"581",2039-08-04,14857.5752932741,4130.28331275359,10727.2919805205,43,0,295.063373773781,217.463373773781,77.6,0,295.063373773781,217.463373773781,77.6,14900.5752932741
"582",2039-08-05,14605.5119195003,3931.9807389798,10673.5311805205,36,0,323.921806386666,246.321806386666,77.6,0,323.921806386666,246.321806386666,77.6,14641.5119195003
"583",2039-08-06,14317.5901131136,3701.70053259314,10615.8895805205,28,0,330.232792362228,252.632792362228,77.6,0,330.232792362228,252.632792362228,77.6,14345.5901131136
"584",2039-08-07,14015.3573207514,3461.54454023091,10553.8127805205,25.9,0,333.755762535156,256.155762535156,77.6,0,333.755762535156,256.155762535156,77.6,14041.2573207514
"585",2039-08-08,13707.5015582162,3216.92981769575,10490.5717405205,24,0,361.748437172338,284.148437172338,77.6,0,361.748437172338,284.148437172338,77.6,13731.5015582162
"586",2039-08-09,13369.7531210439,2943.47578052342,10426.2773405205,31.8,0,351.327559113362,273.727559113362,77.6,0,351.327559113362,273.727559113362,77.6,13401.5531210439
"587",2039-08-10,13050.2255619305,2683.91830141005,10366.3072605205,32,0,335.555201090484,257.955201090484,77.6,0,335.555201090484,257.955201090484,77.6,13082.2255619305
"588",2039-08-11,12746.6703608401,2440.22230031957,10306.4480605205,28,0,355.02623875,277.42623875,77.6,0,355.02623875,277.42623875,77.6,12774.6703608401
"589",2039-08-12,12419.6441220901,2175.27286156957,10244.3712605205,26,0,403.45362625,325.85362625,77.6,0,403.45362625,325.85362625,77.6,12445.6441220901
"590",2039-08-13,12042.1904958401,1861.00483531957,10181.1856605205,23,0,429.3107175,351.7107175,77.6,0,429.3107175,351.7107175,77.6,12065.1904958401
"591",2039-08-14,11635.8797783401,1519.54291781957,10116.3368605205,22.9,0,366.171794553687,288.571794553687,77.6,0,366.171794553687,288.571794553687,77.6,11658.7797783401
"592",2039-08-15,11292.6079837864,1241.17536326588,10051.4326205205,19,0,282.269286714175,204.669286714175,77.6,0,282.269286714175,204.669286714175,77.6,11311.6079837864
"593",2039-08-16,11029.3386970722,1044.97247655171,9984.36622052048,17,0,295.65261606719,218.05261606719,77.6,0,295.65261606719,218.05261606719,77.6,11046.3386970722
"594",2039-08-17,10750.686081005,834.495060484517,9916.19102052048,16,0,341.18792852586,263.58792852586,77.6,0,341.18792852586,263.58792852586,77.6,10766.686081005
"595",2039-08-18,10425.4981524791,578.036731958657,9847.46142052048,14,0,381.670392925528,304.070392925528,77.6,0,381.670392925528,304.070392925528,77.6,10439.4981524791
"596",2039-08-19,10057.8277595536,280.204739033129,9777.62302052048,13,0,357.804739033129,280.204739033129,77.6,0,384.708834341475,307.108834341475,77.6,10070.8277595536
"597",2039-08-20,9713.02302052048,5.7928,9707.23022052049,11,0,83.3928,5.7928,77.6,0,321.935071988492,244.335071988492,77.6,9724.02302052048
"598",2039-08-21,9640.63022052048,4.9016,9635.72862052049,10,0,82.5016,4.9016,77.6,0,284.71175315964,207.11175315964,77.6,9650.63022052048
