"","date_time","qad","qav","lfalls_nat","por_nat","below_por","demand","lfalls_adj","lfalls_obs","lfalls_obs_fc9","lfalls_obs_fc1","sen_outflow","sen_outflow_lagged","sen_watershed","jrr_outflow","jrr_outflow_lagged","withdr_pot_fw","withdr_pot_fw_lagged","withdr_pot_wssc","need_0day","withdr_pot_wa"
"1",1930-01-01,1930-01-01,9999.9,12027,9971.38,2379.15,300,12027,11727,1000,1000,0,9,30,120,129,100,100,100,0,100
"2",1930-01-02,1930-01-02,65,13230,8417.08,1901.19,356.5,13350,NA,NA,NA,10,NA,30,120,120,76.6,NA,88.3,0,191.6
"3",1930-01-03,1930-01-03,65,11809,7353.16,1837.47,347.5,11929,NA,NA,NA,10,NA,30,120,120,75,NA,85,0,187.5
"4",1930-01-04,1930-01-04,65,10063,6606.16,1646.29,340,10183,NA,NA,NA,10,NA,30,135.98,120,73.6,NA,82.3,0,184.1
"5",1930-01-05,1930-01-05,65,8604,6048.5,1251.18,348.4,8724,NA,NA,NA,10,NA,30,334.4,120,75.2,NA,85.3,0,187.9
"6",1930-01-06,1930-01-06,65,7710,5628.6,1103.54,324.6,7830,NA,NA,NA,10,NA,30,324.73,120,70.8,NA,76.7,0,177.1
"7",1930-01-07,1930-01-07,65,7119,5026.42,1070.62,327.5,7239,NA,NA,NA,10,NA,30,318.68,120,71.4,NA,77.7,0,178.4
"8",1930-01-08,1930-01-08,65,6726,4616.64,1097.17,341.1,6846,NA,NA,NA,10,NA,30,296.309999999999,120,73.8,NA,82.7,0,184.6
"9",1930-01-09,1930-01-09,65,6110,4273.63,1083.36,342.9,6230,NA,NA,NA,10,NA,30,309.01,120,74.2,NA,83.3,0,185.4
"10",1930-01-10,1930-01-10,65,5661,4213.8,1044.06,345.5,5781,5475.9,5651.88,5119.08,10,10,30,305.98,120,74.6,74.2,84.3,0,186.6
"11",1930-01-11,1930-01-11,65,5218,3869.02,944.22,339.4,5338,5037.6,5173.67,4938.47,10,10,30,266.07,120,73.6,74.6,82,0,183.8
"12",1930-01-12,1930-01-12,65,5093,3706.87,879.44,350.4,5213,4904.6,5026.76,4459.98,10,10,30,252.16,120,75.6,73.6,86,0,188.8
"13",1930-01-13,1930-01-13,65,4831,3665.21,962.28,345.5,4966.98,4660.48,4786.62,4433.55,10,10,30,272.120000000001,135.98,74.6,75.6,84.3,0,186.6
"14",1930-01-14,1930-01-14,65,5098,3314.29,1391.38,355.9,5432.4,5118.5,5018.4,5159.68,10,10,30,244.299999999999,334.4,76.6,74.6,88,0,191.3
"15",1930-01-15,1930-01-15,65,6236,3835.46,2570.33,353.9,6560.73,6246.43,6140.88,6324.61,10,10,30,229.18,324.73,76.2,76.6,87.3,0,190.4
"16",1930-01-16,1930-01-16,65,5109,3978.2,1794.98,357.6,5427.68,5110.68,4992.44,6810.8,10,10,30,210.440000000001,318.68,76.8,76.2,88.7,0,192.1
"17",1930-01-17,1930-01-17,65,5227,3623.64,1391.38,349.5,5523.31,5212.41,5080.86,4579.8,10,10,30,174.76,296.309999999999,75.4,76.8,85.7,0,188.4
"18",1930-01-18,1930-01-18,65,5096,3521.98,1117.35,349.5,5405.01,5095.51,4945.21,4337.35,10,10,30,168.709999999999,309.01,75.4,75.4,85.7,0,188.4
"19",1930-01-19,1930-01-19,65,4420,3284.15,796.59,355,4725.98,4411.98,4216,4036.29,10,10,30,120,305.98,76.4,75.4,87.7,0,190.9
"20",1930-01-20,1930-01-20,65,4106,2761.04,584.17,339.4,4372.07,4069.87,3913.8,3511.28,10,10,30,120,266.07,73.6,76.4,82,0,183.8
"21",1930-01-21,1930-01-21,65,3805,2418.9,520.44,349.5,4057.16,3749.46,3607.3,3013.93,10,10,30,120,252.16,75.4,73.6,85.7,0,188.4
"22",1930-01-22,1930-01-22,65,3292,2694.28,531.06,324.6,3564.12,3274.92,3112.8,2869.05,10,10,30,120,272.120000000001,70.8,75.4,76.7,0,177.1
"23",1930-01-23,1930-01-23,65,2965,2863.97,545.93,320,3209.3,2928.5,2794.2,3214.5,10,10,30,120,244.299999999999,70,70.8,75,0,175
"24",1930-01-24,1930-01-24,65,3202,2572.78,507.69,329,3431.18,3143.78,3024.6,3328.34,10,10,30,120,229.18,71.6,70,78.3,0,179.1
"25",1930-01-25,1930-01-25,65,3397,2663.72,533.18,328.4,3607.44,3319.04,3218.6,2989.61,10,10,30,120,210.440000000001,71.6,71.6,78,0,178.8
"26",1930-01-26,1930-01-26,65,3102,2707.67,528.94,322.9,3276.76,2992.86,2928.1,3109.29,10,10,30,120,174.76,70.6,71.6,76,0,176.3
"27",1930-01-27,1930-01-27,65,3197,2974.41,533.18,315.4,3365.71,3088.91,3030.2,3128.62,10,10,30,120,168.709999999999,69.2,70.6,73.3,0,172.9
"28",1930-01-28,1930-01-28,65,3245,2618.51,537.43,338.5,3365,3070.7,3060.7,3341.68,10,10,30,120,120,73.4,69.2,81.7,0,183.4
"29",1930-01-29,1930-01-29,65,3516,2683.14,541.68,336.5,3636,3339.1,3329.1,2987.45,10,10,30,120,120,73,73.4,81,0,182.5
"30",1930-01-30,1930-01-30,65,3143,2592.65,524.69,340,3263,2963.6,2953.6,3032.48,10,10,30,120,120,73.6,73,82.3,0,184.1
"31",1930-01-31,1930-01-31,65,3199,2353.52,516.19,339.4,3319,3019.6,3009.6,2912.12,10,10,30,120,120,73.6,73.6,82,0,183.8
"32",1930-02-01,1930-02-01,65,3289,2314.74,696.75,320,3409,3125.4,3115.4,2877.77,10,10,30,120,120,70,73.6,75,0,175
"33",1930-02-02,1930-02-02,65,3055,2463.39,701,340,3175,2878.6,2868.6,3020.38,10,10,30,120,120,73.6,70,82.3,0,184.1
"34",1930-02-03,1930-02-03,65,3047,2844.72,731.8,349.5,3167,2859.3,2849.3,3012.2,10,10,30,120,120,75.4,73.6,85.7,0,188.4
"35",1930-02-04,1930-02-04,65,4073,3394.09,1609.11,345.5,4193,3886.7,3876.7,4298.83,10,10,30,120,120,74.6,75.4,84.3,0,186.6
"36",1930-02-05,1930-02-05,65,8378,6496.41,5533.64,340,8498,8197,8187,9623.68,10,10,30,120,120,73.6,74.6,82.3,0,184.1
"37",1930-02-06,1930-02-06,65,9087,13541.26,5692.96,327.5,9207,8917.3,8907.3,15944.15,10,10,30,120,120,71.4,73.6,77.7,0,178.4
"38",1930-02-07,1930-02-07,65,9218,13535.26,2721.15,340,9338,9040.2,9059.93000000001,16244.37,10,10,30,149.730000000007,120,73.6,71.4,82.3,0,184.1
"39",1930-02-08,1930-02-08,65,15702,10485.15,2160.35,331,15822,15529.4,15657.01,12551.59,10,10,30,257.610000000001,120,72,73.6,79,0,180
"40",1930-02-09,1930-02-09,65,15402,8529.59,1867.21,341.1,15522,15222.7,15298.91,11611.79,10,10,30,206.209999999999,120,73.8,72,82.7,0,184.6
"41",1930-02-10,1930-02-10,65,12278,7265.69,1792.86,338.5,12398,12099.1,12256.34,9850.4,10,10,30,287.24,120,73.4,73.8,81.7,0,183.4
"42",1930-02-11,1930-02-11,65,10276,6167.23,1746.12,340,10396,10096.2,10210.5,8757.95,10,10,30,244.299999999999,120,73.6,73.4,82.3,0,184.1
"43",1930-02-12,1930-02-12,65,8785,5337.44,1518.83,347.5,8905,8598.9,8702.92,7453.7,10,10,30,234.02,120,75,73.6,85,0,187.5
"44",1930-02-13,1930-02-13,65,8190,5011.44,2022.28,339.4,8310,8009.2,8236.58,6952.12,10,10,30,357.379999999999,120,73.6,75,82,0,183.8
"45",1930-02-14,1930-02-14,65,9031,5131.77,3694.05,331.9,9151,8857.7,9190.3,9035.15,10,10,30,462.599999999999,120,72.2,73.6,79.3,0,180.4
"46",1930-02-15,1930-02-15,65,7371,5206.48,2360.03,344.9,7491,7188.5,7399.55,8980.6,10,10,30,341.049999999999,120,74.6,72.2,84,0,186.3
"47",1930-02-16,1930-02-16,65,6826,5219.52,1694.08,329,6975.73000000001,6683.73000000001,6705.41,5424.42000000001,10,10,30,181.41,149.730000000007,71.6,74.6,78.3,0,179.1
"48",1930-02-17,1930-02-17,65,6781,4839.93,1574.06,319.1,7038.61,6757.71,6671.51,6104.8,10,10,30,181.41,257.610000000001,69.8,71.6,74.7,0,174.6
"49",1930-02-18,1930-02-18,65,6747,4174.73,1527.33,322.9,6953.21,6671.11,6636.31,6171.5,10,10,30,181.41,206.209999999999,70.6,69.8,76,0,176.3
"50",1930-02-19,1930-02-19,65,6516,4264.08,1676.02,335.6,6803.24,6509.84,6499.84,5797.91,10,10,30,287.24,287.24,72.8,70.6,80.7,0,182.1
"51",1930-02-20,1930-02-20,65,5911,4040.22,1736.57,339.4,6155.3,5856.7,5933.78,6094.74,10,10,30,331.379999999999,244.299999999999,73.6,72.8,82,0,183.8
"52",1930-02-21,1930-02-21,65,5852,3992.35,1587.87,330.1,6086.02,5794.12,5914.13,5630.81,10,10,30,364.030000000001,234.02,71.8,73.6,78.7,0,179.6
"53",1930-02-22,1930-02-22,65,5389,3936.3,1348.89,328.4,5746.38,5457.78,5415.13,5261.21,10,10,30,324.73,357.379999999999,71.6,71.8,78,0,178.8
"54",1930-02-23,1930-02-23,65,5230,4051.86,1237.37,334.5,5692.6,5399.1,5229.46,5104.07,10,10,30,302.959999999999,462.599999999999,72.6,71.6,80.3,0,181.6
"55",1930-02-24,1930-02-24,65,5183,3993.51,1246.93,327.5,5524.05,5235.35,5212.05,5239.39,10,10,30,327.75,341.049999999999,71.4,72.6,77.7,0,178.4
"56",1930-02-25,1930-02-25,65,5323,3708.11,1271.36,325.5,5504.41,5218.51,5692.28,5169.72,10,10,30,665.18,181.41,71,71.4,77,0,177.5
"57",1930-02-26,1930-02-26,65,5323,4156.75,1329.77,334.5,5504.41,5211.51,5598.8,4950.54,10,10,30,578.700000000001,181.41,72.6,71,80.3,0,181.6
"58",1930-02-27,1930-02-27,65,6007,5003.41,2298.43,308.1,6188.41,5915.51,6302.8,6422.56,10,10,30,578.700000000001,181.41,67.8,72.6,70.7,0,169.6
"59",1930-02-28,1930-02-28,65,5816,5249.81,1659.03,300.9,6103.24,5841.14,5995.62,7656.46,10,10,30,451.720000000001,287.24,66.6,67.8,68,0,166.3
"60",1930-03-01,1930-03-01,65,5932,4723.01,1355.26,304.4,6263.38,5999.58,6049.45,5606.58,10,10,30,391.25,331.379999999999,67.2,66.6,69.3,0,167.9
"61",1930-03-02,1930-03-02,65,5687,4732.54,1277.73,320.9,6051.03,5773.13,5763.13,4942.56,10,10,30,364.030000000001,364.030000000001,70.2,67.2,75.3,0,175.4
"62",1930-03-03,1930-03-03,65,5271,4207.5,1178.95,314.5,5595.73,5320.03,5281.61,5252.03,10,10,30,296.309999999999,324.73,69,70.2,73,0,172.5
"63",1930-03-04,1930-03-04,65,4957,3703.01,1017.51,309,5259.96,4989.96,4970.28,4366.14,10,10,30,293.280000000001,302.959999999999,68,69,71,0,170
"64",1930-03-05,1930-03-05,65,4498,3339.56,961.22,304.4,4825.75,4560.55,4491.89,3894.62,10,10,30,269.09,327.75,67.2,68,69.3,0,167.9
"65",1930-03-06,1930-03-06,65,4065,3280.04,959.09,312.5,4730.18,4459.08,4098.95,4039.34,10,10,30,315.049999999999,665.18,68.6,67.2,72.3,0,171.6
"66",1930-03-07,1930-03-07,65,4263,3628.31,959.09,298.9,4841.7,4580.4,4390.2,4518.75,10,10,30,398.5,578.700000000001,66.2,68.6,67.3,0,165.4
"67",1930-03-08,1930-03-08,65,17567,9332.89,12055.06,281.5,18145.7,17901,17891,18249.27,10,10,30,578.700000000001,578.700000000001,63,66.2,61,0,157.5
"68",1930-03-09,1930-03-09,65,21808,16721.9,6818.81,280.6,22259.72,22018.92,22115.95,38819.47,10,10,30,558.75,451.720000000001,62.8,63,60.7,0,157.1
"69",1930-03-10,1930-03-10,65,18363,15682.57,3033.41,290.5,18754.25,18505.55,18643.09,20658.31,10,10,30,538.790000000001,391.25,64.6,62.8,64.3,0,161.6
"70",1930-03-11,1930-03-11,65,15221,12957.09,2566.08,294.5,15585.03,15331.33,15598.29,10506.6,10,10,30,640.990000000002,364.030000000001,65.4,64.6,65.7,0,163.4
"71",1930-03-12,1930-03-12,65,13405,10873.97,2810.37,289,13701.31,13451.31,13761.8,10258.5,10,10,30,616.799999999999,296.309999999999,64.4,65.4,63.7,0,160.9
"72",1930-03-13,1930-03-13,65,11779,9787.67,2234.7,302.6,12072.28,11812.08,12028.24,9973.25,10,10,30,519.439999999999,293.280000000001,66.8,64.4,68.7,0,167.1
"73",1930-03-14,1930-03-14,65,10473,8678.41,1886.32,312.5,10742.09,10471.39,10875.62,8809.42,10,10,30,683.32,269.09,68.6,66.8,72.3,0,171.6
"74",1930-03-15,1930-03-15,65,9388,7666.37,1648.41,284.4,9703.05,9453.65,9667.39,7996.01,10,10,30,538.790000000001,315.049999999999,63.6,68.6,62,0,158.8
"75",1930-03-16,1930-03-16,65,8344,6821.6,1476.35,298.9,8742.5,8486.2,8533.04,7236.25,10,10,30,455.34,398.5,66.2,63.6,67.3,0,165.4
"76",1930-03-17,1930-03-17,65,7526,6335.83,1412.62,306.4,8104.7,7839.7,7688.2,6822.87,10,10,30,437.200000000001,578.700000000001,67.6,66.2,70,0,168.8
"77",1930-03-18,1930-03-18,65,6940,5718.27,1378.63,311,7498.75,7228.55,7107.89,6679.05,10,10,30,448.09,558.75,68.4,67.6,71.7,0,170.9
"78",1930-03-19,1930-03-19,65,7166,5721.96,1877.83,302.6,7704.79,7440.59,8252.39,6789.04,10,10,30,1360.59,538.790000000001,66.8,68.4,68.7,0,167.1
"79",1930-03-20,1930-03-20,65,6805,5413.5,1703.64,301.5,7445.99,7184.29,7313.37,7687.18,10,10,30,780.07,640.990000000002,66.6,66.8,68.3,0,166.6
"80",1930-03-21,1930-03-21,65,7133,6008.91,1314.9,314.5,7749.8,7477.7,7389.69,6995.05,10,10,30,538.790000000001,616.799999999999,69,66.6,73,0,172.5
"81",1930-03-22,1930-03-22,65,6929,5916.55,1203.38,301.5,7448.44,7184.54,7077.79,7391.21,10,10,30,422.689999999999,519.439999999999,66.6,69,68.3,0,166.6
"82",1930-03-23,1930-03-23,65,6000,5184.73,1087.61,291.6,6683.32,6429.92,6084.31,6226.04,10,10,30,347.709999999999,683.32,64.8,66.6,64.7,0,162.1
"83",1930-03-24,1930-03-24,65,5519,4706.23,1068.49,307,6057.79,5793.59,5566.5,4946,10,10,30,321.700000000001,538.790000000001,67.6,64.8,70.3,0,169.1
"84",1930-03-25,1930-03-25,65,5092,3877.85,1066.37,298.9,5547.34,5287.04,5121.03,4789.42,10,10,30,299.33,455.34,66.2,67.6,67.3,0,165.4
"85",1930-03-26,1930-03-26,65,5355,3896.36,1207.63,295.4,5792.2,5536.2,5388.33,4705.7,10,10,30,299.33,437.200000000001,65.6,66.2,66,0,163.8
"86",1930-03-27,1930-03-27,65,5185,3999.13,1193.82,302.6,5633.09,5371.69,5176.65,5531.46,10,10,30,263.049999999999,448.09,66.8,65.6,68.7,0,167.1
"87",1930-03-28,1930-03-28,65,4947,4327.3,986.71,300,6307.59,6047.19,4905.78,6136.15,10,10,30,229.18,1360.59,66.4,66.8,67.7,0,165.9
"88",1930-03-29,1930-03-29,65,4391,4095.63,916.61,292.5,5171.07,4917.17,4376.84,5038.23,10,10,30,249.74,780.07,65,66.4,65,0,162.5
"89",1930-03-30,1930-03-30,65,4396,3919.9,868.81,304.4,4934.79,4672.59,4375.96,4370.82,10,10,30,252.16,538.790000000001,67.2,65,69.3,0,167.9
"90",1930-03-31,1930-03-31,65,4119,3593.63,834.83,311.9,4541.69,4271.19,4063.45,4047.66,10,10,30,224.950000000001,422.689999999999,68.6,67.2,72,0,171.3
"91",1930-04-01,1930-04-01,65,3795,3356.73,801.9,359.4,4142.71,3831.91,3678.59,3471.66,10,10,30,204.389999999999,347.709999999999,77.2,68.6,89.3,0,192.9
"92",1930-04-02,1930-04-02,65,3980,3382.97,770.04,350.4,4301.7,3989.7,4006.31,3719.87,10,10,30,348.309999999999,321.700000000001,75.6,77.2,86,0,188.8
"93",1930-04-03,1930-04-03,65,3976,3167.84,756.23,333.9,4275.33,3978.43,4067.6,3972.81,10,10,30,398.5,299.33,72.6,75.6,80,0,181.3
"94",1930-04-04,1930-04-04,65,3860,3067.47,775.35,342.9,4159.33,3858.03,3975.02,3629.09,10,10,30,426.32,299.33,74.2,72.6,83.3,0,185.4
"95",1930-04-05,1930-04-05,65,3780,3197.04,726.49,334.5,4043.05,3746.95,3801.65,3665.7,10,10,30,327.75,263.049999999999,72.6,74.2,80.3,0,181.6
"96",1930-04-06,1930-04-06,65,4494,3704.94,1074.87,322,4723.18,4438.98,4508.81,4519.69,10,10,30,309.01,229.18,70.4,72.6,75.7,0,175.9
"97",1930-04-07,1930-04-07,65,11421,5409.7,7094.96,325.5,11670.74,11385.84,11742.9,12242.12,10,10,30,616.799999999999,249.74,71,70.4,77,0,177.5
"98",1930-04-08,1930-04-08,65,10855,7384.55,2810.37,330.1,11107.16,10817.86,11263.21,18542.71,10,10,30,707.509999999998,252.16,71.8,71,78.7,0,179.6
"99",1930-04-09,1930-04-09,65,9596,7773.22,1886.32,331,9820.95,9530.15,9978.52,7220.41,10,10,30,683.32,224.950000000001,72,71.8,79,0,180
"100",1930-04-10,1930-04-10,65,10080,7885.27,1582.56,340,10284.39,9985.99,10350.3,9450.61,10,10,30,578.700000000001,204.389999999999,73.6,72,82.3,0,184.1
"101",1930-04-11,1930-04-11,65,10018,6985.51,1446.61,358.5,10366.31,10051.21,10174.25,9859.5,10,10,30,481.349999999999,348.309999999999,77,73.6,89,0,192.5
"102",1930-04-12,1930-04-12,65,9938,6236.22,1331.9,358.5,10336.5,10018,10011.03,8982.29,10,10,30,401.529999999999,398.5,77,77,89,0,192.5
"103",1930-04-13,1930-04-13,65,6713,5580.75,1263.92,382.5,7139.32,6801.22,6712.61,5937.22,10,10,30,347.709999999999,426.32,81.4,77,97.7,0,203.4
"104",1930-04-14,1930-04-14,65,6416,4857.37,1181.08,383.4,6743.75,6400.55,6368.78,5677.1,10,10,30,305.98,327.75,81.6,81.4,98,0,203.8
"105",1930-04-15,1930-04-15,65,5063,4153.83,1098.23,374.1,5372.01,5036.11,4989.22,4229.89,10,10,30,272.120000000001,309.01,79.8,81.6,94.7,0,199.6
"106",1930-04-16,1930-04-16,65,4883,4015.24,1033.44,372.4,5499.8,5167.2,4784.7,4380.81,10,10,30,244.299999999999,616.799999999999,79.6,79.8,94,0,198.8
"107",1930-04-17,1930-04-17,65,4708,3849.41,1201.26,348.4,5415.51,5102.71,4688.16,4899.33,10,10,30,302.959999999999,707.509999999998,75.2,79.6,85.3,0,187.9
"108",1930-04-18,1930-04-18,65,4698,3712.74,1231,359.4,5381.32,5063.92,4663.88,5065.91,10,10,30,293.280000000001,683.32,77.2,75.2,89.3,0,192.9
"109",1930-04-19,1930-04-19,65,4790,3691.76,1140.72,352.1,5368.7,5055.2,4785.18,4948.27,10,10,30,318.68,578.700000000001,75.8,77.2,86.7,0,189.6
"110",1930-04-20,1930-04-20,65,4590,3906.03,1018.57,370.4,5071.35,4744.35,4528.14,4633.09,10,10,30,275.139999999999,481.349999999999,79.2,75.8,93.3,0,197.9
"111",1930-04-21,1930-04-21,65,4239,3715.79,944.22,370.4,4640.53,4310.13,4153.79,4402.25,10,10,30,255.190000000001,401.529999999999,79.2,79.2,93.3,0,197.9
"112",1930-04-22,1930-04-22,65,4293,3763.44,898.55,366,4640.71,4313.91,4317.21,4049.32,10,10,30,361.01,347.709999999999,78.4,79.2,91.7,0,195.9
"113",1930-04-23,1930-04-23,65,4387,3896.49,880.5,377.9,4692.98,4357.28,4340.63,4359.26,10,10,30,299.33,305.98,80.6,78.4,96,0,201.3
"114",1930-04-24,1930-04-24,65,4584,4541.46,822.08,368.6,4856.12,4525.72,4501.21,4640.72,10,10,30,257.610000000001,272.120000000001,78.8,80.6,92.7,0,197.1
"115",1930-04-25,1930-04-25,65,5061,4386.22,768.97,385.1,5305.3,4963.2,4953.2,5549.75,10,10,30,244.299999999999,244.299999999999,81.8,78.8,98.7,0,204.6
"116",1930-04-26,1930-04-26,65,4756,4007.7,738.17,382.5,5058.96,4716.06,4623.21,4507.71,10,10,30,220.110000000001,302.959999999999,81.4,81.8,97.7,0,203.4
"117",1930-04-27,1930-04-27,65,4420,3762.04,707.37,392.4,4713.28,4362.68,4257.14,3953.36,10,10,30,197.74,293.280000000001,83.2,81.4,101.3,0,207.9
"118",1930-04-28,1930-04-28,65,4281,3331.98,684.01,408,4599.68,4234.48,4084.79,3958.02,10,10,30,178.99,318.68,86,83.2,107,0,215
"119",1930-04-29,1930-04-29,65,3874,3046.26,673.38,393.5,4149.14,3793.04,3676.61,3339.62,10,10,30,168.709999999999,275.139999999999,83.4,86,101.7,0,208.4
"120",1930-04-30,1930-04-30,65,3560,2780.97,670.2,402.5,3815.19,3454.29,3344.51,3157.94,10,10,30,155.41,255.190000000001,85,83.4,105,0,212.5
"121",1930-05-01,1930-05-01,65,3526,2841.12,650.02,452,3887.01,3484.01,3357.91,3215.54,10,10,30,244.91,361.01,94,85,123,0,235
"122",1930-05-02,1930-05-02,65,3352,2774.59,623.46,433.5,3651.33,3254.43,3179.12,3294.4,10,10,30,234.02,299.33,90.6,94,116.3,0,226.6
"123",1930-05-03,1930-05-03,65,3180,2742.93,594.79,388,3437.61,3081.41,3000.65,2988.32,10,10,30,186.85,257.610000000001,82.4,90.6,99.7,0,205.9
"124",1930-05-04,1930-05-04,65,3598,2823.71,556.55,397,3842.3,3486.9,3393.45,3426.57,10,10,30,160.85,244.299999999999,84,82.4,103,0,210
"125",1930-05-05,1930-05-05,65,3256,2618,514.07,432.9,3476.11,3089.81,3007.85,3132.35,10,10,30,148.15,220.110000000001,90.6,84,116,0,226.3
"126",1930-05-06,1930-05-06,65,3305,2510.52,505.57,433.5,3502.74,3109.24,3049.65,2861.05,10,10,30,148.15,197.74,90.6,90.6,116.3,0,226.6
"127",1930-05-07,1930-05-07,65,3106,2174.78,501.32,419.9,3284.99,2902.69,2894.51,2786.71,10,10,30,180.809999999999,178.99,88.2,90.6,111.3,0,220.4
"128",1930-05-08,1930-05-08,65,2780,2258.55,480.08,430,2948.71,2560.51,2558.37,2220.52,10,10,30,176.57,168.709999999999,90,88.2,115,0,225
"129",1930-05-09,1930-05-09,65,2864,2173.04,438.66,438.4,3019.41,2622.61,2605.35,2685.14,10,10,30,148.15,155.41,91.6,90,118,0,228.8
"130",1930-05-10,1930-05-10,65,2710,2150.17,404.67,428,2954.91,2564.91,2442.43,2437.98,10,10,30,132.43,244.91,89.6,91.6,114.3,0,224.1
"131",1930-05-11,1930-05-11,65,2592,2057.2,384.49,433.5,2826.02,2433.52,2310.44,2376.66,10,10,30,120.940000000001,234.02,90.6,89.6,116.3,0,226.6
"132",1930-05-12,1930-05-12,65,2524,1829.81,366.43,425.4,2710.85,2324.05,2247.2,2210.9,10,10,30,120,186.85,89.2,90.6,113.3,0,222.9
"133",1930-05-13,1930-05-13,65,2431,1826.5,362.18,434.6,2591.85,2198.85,2148,1953.4,10,10,30,120,160.85,90.8,89.2,116.7,0,227.1
"134",1930-05-14,1930-05-14,65,2385,1677.2,370.68,408,2533.15,2160.35,2122.2,2152.79,10,10,30,120,148.15,86,90.8,107,0,215
"135",1930-05-15,1930-05-15,65,2478,1745.96,721.18,395,2626.15,2268.75,2230.6,2127.95,10,10,30,120,148.15,83.6,86,102.3,0,209.1
"136",1930-05-16,1930-05-16,65,2587,1766.42,679.76,408,2767.81,2402.21,2331.4,2821.47,10,10,30,120,180.809999999999,86,83.6,107,0,215
"137",1930-05-17,1930-05-17,65,2397,1885.45,479.02,406,2573.57,2207.17,2140.6,2186.21,10,10,30,120,176.57,85.6,86,106.3,0,214.1
"138",1930-05-18,1930-05-18,65,2353,1758.92,416.35,421,2501.15,2122.95,2084.8,2041.24,10,10,30,120,148.15,88.4,85.6,111.7,0,220.9
"139",1930-05-19,1930-05-19,65,2350,1712.59,405.73,403.4,2482.43,2115.83,2093.4,1926.63,10,10,30,120,132.43,85.2,88.4,105.3,0,212.9
"140",1930-05-20,1930-05-20,65,2372,1883.01,457.77,401.6,2492.94,2130.94,2120,2073.99,10,10,30,120,120.940000000001,84.8,85.2,104.7,0,212.1
"141",1930-05-21,1930-05-21,65,2472,1763.22,634.09,416.4,2592,2218.4,2208.4,2440.86,10,10,30,120,120,87.6,84.8,110,0,218.8
"142",1930-05-22,1930-05-22,65,2367,1644.04,371.74,432.9,2487,2097.1,2087.1,2153.63,10,10,30,120,120,90.6,87.6,116,0,226.3
"143",1930-05-23,1930-05-23,65,2203,1758.32,337.75,425.4,2323,1936.2,1814.74954666096,1554.67,10,10,30,120,120,89.2,90.6,113.3,0,222.9
"144",1930-05-24,1930-05-24,65,2206,1684.15,310.14,404.5,2326,1957.7,1838.904361001,2037.99,10,10,30,120,120,85.4,89.2,105.7,0,213.4
"145",1930-05-25,1930-05-25,65,2177,1628.86,315.45,397,2297,1938.6,1794.77547124043,1836.82,10,10,30,120,120,84,85.4,103,0,210
"146",1930-05-26,1930-05-26,65,2103,1521.69,305.89,403.4,2223,1860.8,1659.33235623335,1810.82,10,10,30,120,120,85.2,84,105.3,0,212.9
"147",1930-05-27,1930-05-27,65,1945,1281.34,269.78,400.5,2065,1703.9,1407.05444067522,1587.17,10,10,30,120,120,84.6,85.2,104.3,0,211.6
"148",1930-05-28,1930-05-28,65,1748,1220.64,264.47,407.1,1868,1502.1,1132.85158204005,1225.64,10,10,30,120,120,85.8,84.6,106.7,0,214.6
"149",1930-05-29,1930-05-29,65,1689,1105.19,267.65,405.4,1809,1443.4,1061.33254287079,1377.39,10,10,30,120,120,85.6,85.8,106,0,213.8
"150",1930-05-30,1930-05-30,40,1758,1367.28,259.16,428.4,1878,1489.2,1122.50675983114,1376.93,10,10,30,120,120,85.2,85.6,130.3,0,212.9
"151",1930-05-31,1930-05-31,40,1662,1175.76,247.47,427.5,1782,1394.3,1007.61676944402,1647.9,10,10,30,120,120,85,85.2,130,0,212.5
"152",1930-06-01,1930-06-01,65,1607,1149.06,227.29,421,1727,1349.4,955.642599319169,1146.19,10,10,30,120,120,88.4,85,111.7,0,220.9
"153",1930-06-02,1930-06-02,65,1526,1012.28,219.86,476.9,1646,1219.3,820.541054069399,1172.42,10,10,30,120,120,98.6,88.4,132,0,246.3
"154",1930-06-03,1930-06-03,65,1448,998.3,212.42,507.9,1568,1105.7,707.844480457239,961.49,10,10,30,120,120,104.2,98.6,143.3,0,260.4
"155",1930-06-04,1930-06-04,65,1402,1021.51,199.68,516,1522,1047.4,652.550612668266,1025.98,10,10,30,120,120,105.6,104.2,146.3,0,264.1
"156",1930-06-05,1930-06-05,65,1388,902.13,188,523.5,1508,1025.9,632.314918315857,1036.37,10,10,30,120,120,107,105.6,149,0,267.5
"157",1930-06-06,1930-06-06,65,1231,881.29,192.24,511.6,1351,877.2,508.261963231325,746.14,10,10,30,120,120,104.8,107,144.7,0,262.1
"158",1930-06-07,1930-06-07,65,1227,1229.26,294.21,413.5,1347,955.7,587.628184350159,939.1,10,10,30,120,120,87,104.8,109,0,217.5
"159",1930-06-08,1930-06-08,65,1794,1040.38,309.08,375,1914,1572,1215.45262509731,2021.94,10,10,30,120,120,80,87,95,0,200
"160",1930-06-09,1930-06-09,65,1737,955.11,363.24,356.5,1857,1537.1,1165.17077311983,1363.09,10,10,30,120,120,76.6,80,88.3,0,191.6
"161",1930-06-10,1930-06-10,65,1635,1031.82,424.85,357.6,1755,1437.6,1047.06000006403,1406.49,10,10,30,120,120,76.8,76.6,88.7,0,192.1
"162",1930-06-11,1930-06-11,65,1699,1055.22,483.26,392.4,1819,1473,1092.83843189258,1611.32,10,10,30,120,120,83.2,76.8,101.3,0,207.9
"163",1930-06-12,1930-06-12,65,1693,993.8,322.88,423.6,1813,1435,1053.68204399769,1516.81,10,10,30,120,120,88.8,83.2,112.7,0,222.1
"164",1930-06-13,1930-06-13,65,1594,2592.01,258.1,441.9,1714,1315.5,920.514060172831,1093.7,10,10,30,120,120,92.2,88.8,119.3,0,230.4
"165",1930-06-14,1930-06-14,65,3071,2812.77,228.36,463,3191,2771.8,2761.8,4305.23,10,10,30,120,120,96,92.2,127,0,240
"166",1930-06-15,1930-06-15,65,3292,2135.21,215.61,466.5,3412,2986.1,2976.1,3177.12,10,10,30,120,120,96.6,96,128.3,0,241.6
"167",1930-06-16,1930-06-16,65,2647,1623.13,194.37,474.9,2767,2333.7,2323.7,1643.39,10,10,30,120,120,98.2,96.6,131.3,0,245.4
"168",1930-06-17,1930-06-17,65,2519,1338.05,250.66,436.4,2639,2235.6,2225.6,1702.28,10,10,30,120,120,91.2,98.2,117.3,0,227.9
"169",1930-06-18,1930-06-18,65,2303,1227.99,699.94,421,2423,2039.2,2014.71972705171,1810.41,10,10,30,120,120,88.4,91.2,111.7,0,220.9
"170",1930-06-19,1930-06-19,65,2229,1706.83,1388.19,428,2349,1962.2,1864.26892320992,2301.42,10,10,30,120,120,89.6,88.4,114.3,0,224.1
"171",1930-06-20,1930-06-20,65,2691,1603.93,687.19,456.6,2811,2399.6,2389.6,3566.69,10,10,30,120,120,94.8,89.6,124.7,0,237.1
"172",1930-06-21,1930-06-21,65,2343,1528.06,342,441,2463,2059.2,2049.2,1255.3,10,10,30,120,120,92,94.8,119,0,230
"173",1930-06-22,1930-06-22,65,2137,1434.56,249.6,469.4,2257,1832.8,1656.72938621489,1411.74,10,10,30,120,120,97.2,92,129.3,0,242.9
"174",1930-06-23,1930-06-23,65,2061,1245.19,219.86,499.5,2181,1726.9,1496.52502447294,1541,10,10,30,120,120,102.6,97.2,140.3,0,256.6
"175",1930-06-24,1930-06-24,65,1767,1234.53,213.49,511.6,1887,1417.6,1053.30343882442,1198.49,10,10,30,120,120,104.8,102.6,144.7,0,262.1
"176",1930-06-25,1930-06-25,65,1823,1184.44,485.39,500.6,1943,1480.4,1133.12846553091,1463.37,10,10,30,120,120,102.8,104.8,140.7,0,257.1
"177",1930-06-26,1930-06-26,65,1864,1157.95,439.72,492.5,1984,1530.1,1197.67589424444,1751.91,10,10,30,120,120,101.4,102.8,137.7,0,253.4
"178",1930-06-27,1930-06-27,65,1912,1353.92,258.1,511.6,2032,1563.8,1251.43138787709,1491.64,10,10,30,120,120,104.8,101.4,144.7,0,262.1
"179",1930-06-28,1930-06-28,65,1899,1235.48,224.11,473.1,2019,1578.9,1260.80844344535,1593.25,10,10,30,120,120,97.8,104.8,130.7,0,244.6
"180",1930-06-29,1930-06-29,65,1843,1015.89,191.18,457.5,1963,1542.7,1202.41371657199,1390.27,10,10,30,120,120,95,97.8,125,0,237.5
"181",1930-06-30,1930-06-30,65,1504,974.86,167.81,493.4,1624,1177.2,778.145139159216,924.68,10,10,30,120,120,101.6,95,138,0,253.8
"182",1930-07-01,1930-07-01,65,1362,1161.12,158.26,555.6,1482,977.6,586.784465520855,913.2,10,10,30,120,120,112.8,101.6,160.7,0,282.1
"183",1930-07-02,1930-07-02,65,1670,1003.27,737.11,524.4,1790,1300,914.604445695797,1476.71,10,10,30,120,120,107.2,112.8,149.3,0,267.9
"184",1930-07-03,1930-07-03,65,1746,851.83,640.46,487.9,1866,1411.5,1041.75407762068,1832.5,10,10,30,120,120,100.6,107.2,136,0,251.3
"185",1930-07-04,1930-07-04,65,1867,852.8,370.68,485.9,1987,1540.7,1209.44377326359,1292.61,10,10,30,120,120,100.2,100.6,135.3,0,250.4
"186",1930-07-05,1930-07-05,65,1341,890.48,180.56,512.5,1461,993.3,605.114224730863,724.49,10,10,30,120,120,105,100.2,145,0,262.5
"187",1930-07-06,1930-07-06,65,1271,807.81,158.26,513.4,1391,917.8,540.828132686106,765.36,10,10,30,120,120,105.2,105,145.3,0,262.9
"188",1930-07-07,1930-07-07,65,1302,778.69,174.19,553,1422,916.2,533.805665035264,811.23,10,10,30,120,120,112.4,105.2,159.7,0,280.9
"189",1930-07-08,1930-07-08,65,1129,781.56,156.13,505,1249,775.2,431.771305736475,762.01,10,10,30,120,120,103.6,112.4,142.3,0,259.1
"190",1930-07-09,1930-07-09,65,1107,755.12,135.95,553.9,1227,722.1,385.073917588895,706.91,10,10,30,120,120,112.6,103.6,160,0,281.3
"191",1930-07-10,1930-07-10,65,1116,676.96,123.63,572.1,1236,707.1,367.417362590876,660.48,10,10,30,120,120,115.8,112.6,166.7,0,289.6
"192",1930-07-11,1930-07-11,65,1031,746.16,113.33,579.4,1151,613,300.407380391958,522.52,10,10,30,120,120,117.2,115.8,169.3,0,292.9
"193",1930-07-12,1930-07-12,65,966,687.66,104.94,551,1086,569.8,280.817991332218,628.7,10,10,30,120,120,112,117.2,159,0,280
"194",1930-07-13,1930-07-13,65,958,665.25,102.81,517.1,1078,594.7,308.789226639764,527.81,10,10,30,120,120,105.8,112,146.7,0,264.6
"195",1930-07-14,1930-07-14,65,932,592.54,100.26,520.9,1052,571.9,296.213633015564,547.36,10,10,30,120,120,106.6,105.8,148,0,266.3
"196",1930-07-15,1930-07-15,65,870,582.43,100.26,513.4,990,515.2,265.351634518238,439.94,10,10,30,120,120,105.2,106.6,145.3,0,262.9
"197",1930-07-16,1930-07-16,65,814,621.19,101.54,523.5,934,452.3,227.479057087416,442.19,10,10,30,120,120,107,105.2,149,0,267.5
"198",1930-07-17,1930-07-17,65,782,601.54,93.47,561.1,902,387.7,177.86882334036,427.74,10,10,30,120,120,113.8,107,162.7,0,284.6
"199",1930-07-18,1930-07-18,65,781,570.06,93.04,557.4,901,383,173.645107107009,355.28,10,10,30,120,120,113.2,113.8,161.3,0,282.9
"200",1930-07-19,1930-07-19,40,793,561.07,90.92,584.4,913,369,153.960918254396,337.09,10,10,30,120,120,113.6,113.2,187,0,283.8
"201",1930-07-20,1930-07-20,40,767,548.42,86.67,606.4,887,324.6,121.962356437217,313.49,10,10,30,120,120,117.6,113.6,195,0,293.8
"202",1930-07-21,1930-07-21,40,743,508.56,84.76,611,863,292.8,101.88915726748,275.9,10,10,30,120,120,118.4,117.6,196.7,0,295.9
"203",1930-07-22,1930-07-22,40,657,601.84,78.38,625.5,777,194.1,47.3245161062317,210,67.6699999999998,10,30,120,120,121,118.4,202,0,302.5
"204",1930-07-23,1930-07-23,40,632,647.58,79.66,609.9,752,236.97,45.9501642411728,266.2,10,67.6699999999998,30,120,120,118.2,121,196.3,0,295.4
"205",1930-07-24,1930-07-24,40,865,503.97,83.59,578,985,441.2,193.522322888535,488.22,10,10,30,120,120,112.4,118.2,184.7,0,280.9
"206",1930-07-25,1930-07-25,40,737,450.56,83.48,601.5,857,299.7,111.762056346573,210,59.98,10,30,120,120,116.6,112.4,193.3,0,291.6
"207",1930-07-26,1930-07-26,40,618,496.17,81.46,625.5,738,206.88,31.1813797726813,210,116.62,59.98,30,120,120,121,116.6,202,0,302.5
"208",1930-07-27,1930-07-27,40,569,585.91,79.34,611.9,689,221.32,16.3120905262963,210,61.71,116.62,30,120,120,118.6,121,197,0,296.3
"209",1930-07-28,1930-07-28,40,673,500.52,76.9,622.9,793,263.81,56.8699458477249,299.72,10,61.71,30,120,120,120.6,118.6,201,0,301.3
"210",1930-07-29,1930-07-29,40,657,449.54,76.9,591.6,777,219.6,72.8245161062318,210,88.2299999999999,10,30,120,120,114.8,120.6,189.7,0,287.1
"211",1930-07-30,1930-07-30,40,633,453.68,78.81,623.5,753,253.53,41.4081554541213,210,95.6799999999999,88.2299999999999,30,120,120,120.6,114.8,201.3,0,301.6
"212",1930-07-31,1930-07-31,40,558,426.82,74.45,598.9,678,200.38,22.577505694661,210,99.25,95.6799999999999,30,120,120,116.2,120.6,192.3,0,290.4
"213",1930-08-01,1930-08-01,65,521,430.79,73.29,568.4,641,200.85,40.8917281669843,210,139.62,99.25,30,120,120,115.2,116.2,165.3,0,287.9
"214",1930-08-02,1930-08-02,65,492,440.76,74.45,570.4,612,211.62,28.4335366138409,210,135.19,139.62,30,120,120,115.6,115.2,166,0,288.8
"215",1930-08-03,1930-08-03,65,502,508.71,74.35,573.9,622,213.89,29.1876546090846,210,120.17,135.19,30,120,120,116.2,115.6,167.3,0,290.4
"216",1930-08-04,1930-08-04,40,552,522.53,73.07,617.4,672,208.17,9.31469298585554,210,54.1500000000001,120.17,30,120,120,119.6,116.2,199,0,298.8
"217",1930-08-05,1930-08-05,40,580,506.79,67.76,613.6,700,169.75,20.9937805336538,210,81.8599999999999,54.1500000000001,30,120,120,118.8,119.6,197.7,0,297.1
"218",1930-08-06,1930-08-06,40,581,517.42,68.83,633,701,183.46,6.43083157960385,210,129.45,81.8599999999999,30,120,120,122.4,118.8,204.7,0,305.9
"219",1930-08-07,1930-08-07,40,558,577,70.95,627.5,678,208.95,-2.62249430533892,210,118.8,129.45,30,120,120,121.4,122.4,202.7,0,303.4
"220",1930-08-08,1930-08-08,40,609,518.51,69.04,626.4,729,251.2,21.6293335383102,210,15.9,118.8,30,120,120,121.2,121.4,202.3,0,302.9
"221",1930-08-09,1930-08-09,40,632,492.27,67.76,620,752,176.7,37.4501642411729,210,109.6,15.9,30,120,120,120,121.2,200,0,300
"222",1930-08-10,1930-08-10,40,552,547.45,67.76,627.5,672,185.5,-2.78530701414439,210,161.62,109.6,30,120,120,121.4,120,202.7,0,303.4
"223",1930-08-11,1930-08-11,40,561,509.84,67.76,585,681,279.82,34.3641110957153,210,36.62,161.62,30,120,120,113.6,121.4,187.3,0,284.1
"224",1930-08-12,1930-08-12,40,577,509.47,63.51,545.9,697,210.72,81.1849849952829,210,73.51,36.62,30,120,120,106.6,113.6,173,0,266.3
"225",1930-08-13,1930-08-13,40,547,482.85,62.13,556.9,667,215.61,66.2895619982985,210,72.52,73.51,30,120,120,108.6,106.6,177,0,271.3
"226",1930-08-14,1930-08-14,40,544,424.85,65.85,517.5,664,241.82,95.2190661221621,210,68.6999999999999,72.52,30,120,120,101.4,108.6,162.7,0,253.4
"227",1930-08-15,1930-08-15,40,534,393.97,73.39,536.6,654,219.5,82.5087692823073,210,113.48,68.6999999999999,30,120,120,104.8,101.4,169.7,0,262.1
"228",1930-08-16,1930-08-16,40,505,386.06,71.27,539.5,625,229.58,64.8110220794186,210,117.24,113.48,30,120,120,105.4,104.8,170.7,0,263.4
"229",1930-08-17,1930-08-17,40,497,438.21,82.85,549.4,617,216.64,52.8560347364145,210,120.63,117.24,30,120,120,107.2,105.4,174.3,0,267.9
"230",1930-08-18,1930-08-18,40,493,462.85,85.82,567.9,613,199.13,34.3373084668727,210,67.77,120.63,30,120,120,110.6,107.2,181,0,276.3
"231",1930-08-19,1930-08-19,40,540,446.23,73.82,540.4,660,212.37,72.8303989088664,210,37.7899999999999,67.77,30,120,120,105.6,110.6,171,0,263.8
"232",1930-08-20,1930-08-20,40,556,430.6,75.94,554.9,676,191.49,72.721696643625,210,84.92,37.7899999999999,30,120,120,108.2,105.6,176.3,0,270.4
"233",1930-08-21,1930-08-21,40,533,400.9,71.16,546.5,653,219.82,67.1898199454338,210,88.61,84.92,30,120,120,106.6,108.2,173.3,0,266.6
"234",1930-08-22,1930-08-22,40,498,385.62,68.19,525.6,618,207.21,71.4616276571143,210,125.88,88.61,30,120,120,102.8,106.6,165.7,0,257.1
"235",1930-08-23,1930-08-23,40,482,367.04,67.98,502.5,602,251.18,87.7157419802448,210,102.95,125.88,30,120,120,98.6,102.8,157.3,0,246.6
"236",1930-08-24,1930-08-24,40,465,419.81,69.04,521,585,200.35,70.067933495218,116.430000000002,37.8200000000023,102.95,30,120,120,102,98.6,164,0,255
"237",1930-08-25,1930-08-25,65,456,424.41,70.95,527,576,122.420000000002,62.7371422430579,139.35,0.92,37.8200000000023,30,120,120,107.6,102,150.3,48.5799999999978,269.1
"238",1930-08-26,1930-08-26,65,487,443.88,68.83,520.9,607,116.02,74.5201192857077,122.43,0.82,0.92,30,120,120,106.6,107.6,148,54.98,266.3
"239",1930-08-27,1930-08-27,65,488,492.82,80.3,520,608,118.62,76.6220782474654,136.13,0.98,0.82,30,120,120,106.4,106.6,147.7,52.3799999999999,265.9
"240",1930-08-28,1930-08-28,34,545,489.53,78.38,532.5,665,160.08,84.4421836560017,220.4,0.89,0.98,30,120,120,103,106.4,172,0,257.5
"241",1930-08-29,1930-08-29,34,579,434.94,83.7,508.5,699,216.99,122.057122656692,211.81,0.92,0.89,30,120,120,98.6,103,163.3,0,246.6
"242",1930-08-30,1930-08-30,34,565,557.53,82.63,521.5,685,196.82,109.78499763287,147.55,0.92,0.92,30,120,120,101,98.6,168,0,252.5
"243",1930-08-31,1930-08-31,34,548,475.76,73.07,521.5,668,177.42,100.113823493132,298.84,0.82,0.92,30,120,120,101,101,168,0,252.5
"244",1930-09-01,1930-09-01,40,609,483.79,70.95,485.4,729,269.02,157.42933353831,177.62,0.75,0.82,30,120,120,95.6,101,151,0,238.8
"245",1930-09-02,1930-09-02,40,567,518.52,71.37,505.4,687,215.95,127.947766887991,221.86,0.75,0.75,30,120,120,99.2,95.6,158.3,0,247.9
"246",1930-09-03,1930-09-03,40,617,500.37,71.8,488.9,737,275.85,159.929529893831,311,0.75,0.75,30,120,120,96.2,99.2,152.3,0,240.4
"247",1930-09-04,1930-09-04,40,601,499.85,74.45,501,721,252.95,145.854965503018,235.2,0.72,0.75,30,120,120,98.4,96.2,156.7,0,245.9
"248",1930-09-05,1930-09-05,40,564,450.26,73.07,497,684,216.92,130.654195025253,218.95,0.62,0.72,30,120,120,97.6,98.4,155.3,0,244.1
"249",1930-09-06,1930-09-06,40,553,435.83,67.76,486,673,215.62,135.740867959514,164.65,0.62,0.62,30,120,120,95.6,97.6,151.3,0,239.1
"250",1930-09-07,1930-09-07,34,537,445.53,65.64,488.5,657,198.52,127.867881996623,178.82,0.66,0.62,30,120,120,95,95.6,156,0,237.5
"251",1930-09-08,1930-09-08,34,535,560.73,68.83,453.5,655,225.76,156.228095843309,233.43,0.75,0.66,30,120,120,88.6,95,143.3,0,221.6
"252",1930-09-09,1930-09-09,34,562,656.5,65.64,439.9,682,270.45,185.293752105155,388.84,0.75,0.75,30,120,120,86.2,88.6,138.3,0,215.4
"253",1930-09-10,1930-09-10,34,676,675.71,70.95,459,796,371.15,223.596850155485,463.67,0.69,0.75,30,120,120,89.6,86.2,145.3,0,224.1
"254",1930-09-11,1930-09-11,34,850,521.78,68.83,457.5,970,542.99,311.210379900704,567.44,0.62,0.69,30,120,120,89.4,89.6,144.7,0,223.4
"255",1930-09-12,1930-09-12,34,656,479.84,61.39,464.5,776,343.32,206.456524669472,187.24,0.59,0.62,30,120,120,90.6,89.4,147.3,0,226.6
"256",1930-09-13,1930-09-13,34,586,582.77,67.98,439.9,706,292.29,193.721996745746,243.07,0.75,0.59,30,120,120,86.2,90.6,138.3,0,215.4
"257",1930-09-14,1930-09-14,34,593,602.94,103.77,439.9,713,303.85,201.206240491915,413.67,1.05,0.75,30,120,120,86.2,86.2,138.3,0,215.4
"258",1930-09-15,1930-09-15,34,728,550.55,153.37,450.9,848,430.15,255.651944302954,485.78,0.72,1.05,30,120,120,88.2,86.2,142.3,0,220.4
"259",1930-09-16,1930-09-16,34,689,548.7,105.26,455.5,809,385.02,230.724815856297,382.23,0.72,0.72,30,120,120,89,88.2,144,0,222.5
"260",1930-09-17,1930-09-17,34,714,528.87,114.82,466.5,834,400.22,233.108425833599,350.26,0.72,0.72,30,120,120,91,89,148,0,227.5
"261",1930-09-18,1930-09-18,34,712,510.75,118.96,454.6,832,405.92,239.823617260713,395.65,0.72,0.72,30,120,120,88.8,91,143.7,0,222.1
"262",1930-09-19,1930-09-19,34,654,475.77,102.81,453.5,774,351.02,215.121804425661,337.04,0.72,0.72,30,120,120,88.6,88.8,143.3,0,221.6
"263",1930-09-20,1930-09-20,34,612,428.61,83.7,463,732,301.52,188.37637042033,250.36,0.69,0.72,30,120,120,90.4,88.6,146.7,0,225.9
"264",1930-09-21,1930-09-21,34,568,457.22,76.26,467.4,688,252.09,163.579734234338,185.79,0.66,0.69,30,120,120,91.2,90.4,148.3,0,227.9
"265",1930-09-22,1930-09-22,34,564,463.58,73.07,479.5,684,237.36,151.154195025253,258.53,0.66,0.66,30,120,120,93.4,91.2,152.7,0,233.4
"266",1930-09-23,1930-09-23,34,578,517.28,70.95,476.6,698,251.46,157.320857595027,254.56,0.59,0.66,30,120,120,92.8,93.4,151.7,0,232.1
"267",1930-09-24,1930-09-24,34,589,525.17,71.27,481,709,259.39,159.141436579175,310.94,0.56,0.59,30,120,120,93.6,92.8,153.3,0,234.1
"268",1930-09-25,1930-09-25,34,609,506.83,67.98,485.9,729,274.66,163.32933353831,282.9,0.59,0.56,30,120,120,94.6,93.6,155,0,236.3
"269",1930-09-26,1930-09-26,34,614,476.72,62.77,500.4,734,266.79,152.676417686613,245.04,0.47,0.59,30,120,120,97.2,94.6,160.3,0,242.9
"270",1930-09-27,1930-09-27,34,607,508.46,57.35,483.9,727,270.57,160.4333273854,235.1,0.32,0.47,30,120,120,94.2,97.2,154.3,0,235.4
"271",1930-09-28,1930-09-28,34,545,502.57,51.51,477.5,665,216.62,141.642183656002,242.87,0.25,0.32,30,120,120,93,94.2,152,0,232.5
