date,01646500,01645000,01644000,01643000,01638500,01636500,01619500,01616500,01614500,01613000,01611500,01610155,01610000,01609000,01608500,01604500,01603000,01601500,01598500,01595800,01597500,01595500,01596500,01595790,01597490,01644148,01643500,01591000,01591400,01591700,01656000
"2019-01-01 00:00:00",43400,514,1400,7370,32700,9920,1330,1200,3010,13700,2210,583,11000,840,4520,745,3550,1210,1470,806,523,907,213,,,10.87,294,149,88.4,104,319
"2019-01-02 00:00:00",44100,387,983,3600,34900,9610,1110,894,2230,13500,1990,461,9920,616,3870,662,3040,1030,1110,592,368,762,184,,,10.84,209,112,66.2,66.0,198
"2019-01-03 00:00:00",38800,303,881,2750,30200,8310,1030,763,1840,11100,1690,342,8220,493,3330,607,2250,910,759,413,235,703,158,,,9.94,189,105,62.8,59.9,161
"2019-01-04 00:00:00",32900,217,804,2370,25800,7400,967,665,1600,9330,1490,250,7040,393,2960,578,1970,763,1040,691,321,666,125,,,9.26,170,98.7,60.1,55.8,141
"2019-01-05 00:00:00",29300,235,889,2390,23500,7020,1080,786,1710,8460,1340,233,7270,412,2800,567,3580,1140,1840,1250,444,895,265,,,9.05,177,104,64.8,60.1,174
"2019-01-06 00:00:00",28100,204,801,2540,22800,6760,1010,796,1610,10600,1350,200,9550,397,3690,561,3680,1110,1280,741,349,805,305,,,8.94,151,92.6,58.4,53.0,150
"2019-01-07 00:00:00",27900,182,689,2000,23700,6460,914,659,1360,10100,1230,158,7810,311,3130,516,2370,977,696,405,189,655,217,,,8.96,136,85.8,54.8,49.0,120
"2019-01-08 00:00:00",27000,191,658,1820,21600,5960,877,613,1260,8170,1100,151,6600,294,2760,504,2110,861,696,405,191,615,166,,,8.47,139,89.9,59.2,52.3,110
"2019-01-09 00:00:00",24500,241,674,1960,19400,5590,876,586,1290,7670,1060,173,6350,323,2600,508,2080,829,693,407,191,660,155,,,8.19,154,97.3,66.6,60.9,131
"2019-01-10 00:00:00",22900,207,589,1800,18500,5310,815,523,1160,7250,1010,148,5750,270,2360,462,1980,664,1500,1100,414,534,119,,,7.96,127,82.5,54.3,49.8,106
"2019-01-11 00:00:00",21300,189,531,1500,17100,4940,757,470,1030,6720,881,127,6000,225,2010,398,3010,572,2150,1560,526,385,104,,,7.63,117,77.0,50.7,44.2,86.0
"2019-01-12 00:00:00",19400,186,512,1350,15900,4570,717,441,947,6930,775,111,5870,198,1730,328,2840,513,1910,1370,473,335,92.3,,,7.44,113,74.8,50.2,43.8,75.3
"2019-01-13 00:00:00",19100,209,558,1360,15700,4380,708,443,924,6470,738,114,5380,199,1610,323,2490,499,1710,1230,442,321,86.5,,,7.42,122,80.3,55.4,49.0,89.4
"2019-01-14 00:00:00",18600,243,554,1360,15100,4290,693,439,891,6040,734,106,5100,187,1530,303,2350,460,1230,813,303,307,78.2,,,7.27,122,78.5,54.4,49.4,97.2
"2019-01-15 00:00:00",17600,251,508,1270,14300,4100,670,421,844,5640,703,93.2,4220,170,1400,290,1350,425,546,322,180,293,67.4,,,7.10,114,75.3,51.7,47.9,90.4
"2019-01-16 00:00:00",16700,241,490,1200,13500,3930,647,407,815,4530,661,93.5,3510,160,1300,285,1150,394,541,323,180,280,57.3,,,6.90,110,73.6,50.5,46.2,86.0
"2019-01-17 00:00:00",15500,237,487,1200,12300,3800,628,398,785,4240,624,83.2,3310,147,1220,274,1100,364,538,321,178,275,52.0,,,6.64,109,73.1,51.1,46.7,85.8
"2019-01-18 00:00:00",14600,228,498,1190,11700,3690,617,400,762,4060,613,78.1,3180,140,1160,275,1070,349,578,365,177,278,51.3,,,6.56,112,75.8,54.4,50.2,99.0
"2019-01-19 00:00:00",14600,252,588,1270,11600,3780,615,436,757,3980,626,80.6,3250,144,1220,310,1120,348,653,427,179,311,53.1,,,6.55,131,83.5,63.1,62.7,161
"2019-01-20 00:00:00",27700,1080,2940,7930,17900,7550,1340,2130,1300,9030,2630,279,8410,462,8570,1460,2360,544,1210,982,186,1930,119,,,6.85,689,371,278,356,1170
"2019-01-21 00:00:00",42100,433,1420,5150,38600,15200,1050,1340,1450,22300,3530,-999999,15300,321,9280,1040,2460,314,1570,1290,278,819,86.7,,,,195,108,-999999,82.0,358
"2019-01-22 00:00:00",51300,352,1090,2060,40400,12700,828,784,1040,13600,1940,-999999,9760,177,4900,816,2250,286,1620,1250,371,524,63.8,,,,155,111,-999999,56.2,188
"2019-01-23 00:00:00",37100,336,912,1870,28000,9130,801,665,1010,10200,1550,-999999,8000,202,3720,741,2310,362,1800,1440,371,629,51.1,,,,152,88.8,55.2,55.4,153
"2019-01-24 00:00:00",35600,989,2390,5370,25800,8090,1210,1240,2000,11400,2200,-999999,9830,636,4290,1250,4350,1040,2590,1920,539,2550,432,,,9.29,565,357,235,264,1010
"2019-01-25 00:00:00",50900,551,2080,9450,40600,9770,1840,1550,3660,22400,3650,-999999,16700,1030,7960,1330,5460,1240,2990,2130,714,1470,328,,,11.07,288,149,83.5,108,638
"2019-01-26 00:00:00",57900,422,1330,3350,47600,11900,1270,941,2380,19400,2640,478,14200,600,5860,1080,4640,924,2950,2120,710,986,213,,,12.23,213,114,65.2,68.2,292
"2019-01-27 00:00:00",48200,394,1120,2570,37700,10200,1110,767,1840,14500,1980,315,11200,438,4250,943,4020,743,2110,1530,422,813,162,,,10.80,189,105,61.5,60.7,209
"2019-01-28 00:00:00",38400,333,981,2250,30200,8500,1010,667,1550,11400,1600,227,8550,340,3400,848,2500,609,1380,1060,269,706,128,,,9.85,168,97.2,58.7,56.5,176
"2019-01-29 00:00:00",32100,291,879,1980,25200,7310,927,596,1360,9000,1330,177,7110,287,2870,767,2310,505,1360,1050,269,625,102,,,9.02,154,93.0,57.2,53.5,151
"2019-01-30 00:00:00",27300,243,798,1800,21400,6450,865,533,1210,7860,1160,-999999,6220,213,2450,682,2090,405,1090,802,203,437,57.5,,,8.44,138,87.0,54.4,50.8,135
"2019-01-31 00:00:00",23600,178,704,1280,18500,5660,779,449,919,6240,824,-999999,4640,148,1820,602,1150,247,535,375,113,267,48.1,,,7.82,172,-999999,-999999,45.5,109
"2019-02-01 00:00:00",19900,163,678,1170,14800,4940,737,419,810,4430,563,-999999,3340,145,1420,534,885,222,586,430,113,258,44.4,,,7.21,164,-999999,-999999,45.2,115
"2019-02-02 00:00:00",17000,164,672,1170,12600,4550,721,418,801,4390,703,-999999,3560,157,1390,478,1160,246,661,481,112,267,42.3,,,6.85,122,-999999,-999999,45.3,98.5
"2019-02-03 00:00:00",15600,196,638,1200,12400,4410,720,416,848,4950,858,-999999,4010,199,1490,423,1370,399,663,469,112,296,40.8,,,6.79,98.7,80.9,53.4,47.1,87.5
"2019-02-04 00:00:00",16000,230,637,1310,13500,4230,714,420,884,5020,898,-999999,3850,195,1420,416,1350,413,824,636,112,363,51.5,,,6.87,107,83.6,57.3,51.7,101
"2019-02-05 00:00:00",17000,247,620,1530,14100,4110,703,423,958,4950,842,-999999,4230,251,1380,418,2280,904,1200,914,155,791,129,,,7.13,126,83.3,57.4,53.0,107
"2019-02-06 00:00:00",17000,233,587,1720,13700,3960,682,428,1280,5930,798,221,6160,460,1450,448,4280,1970,1980,1340,440,1070,363,,,7.09,119,79.5,55.1,49.9,99.4
"2019-02-07 00:00:00",17700,251,586,1930,15500,3810,669,450,1490,10500,788,391,10200,866,1720,632,7240,3000,3020,1820,897,1420,684,,,7.11,130,84.2,60.0,51.0,108
"2019-02-08 00:00:00",21300,229,543,2000,20200,3670,652,452,2070,14400,819,1010,12600,1410,2050,720,8240,3270,3430,2020,1040,1890,788,,,7.64,115,75.2,51.5,46.1,95.7
"2019-02-09 00:00:00",27400,195,485,1940,26100,3540,616,430,2020,14900,896,683,11800,917,2210,598,6270,1950,3310,2000,1040,1220,421,,,8.62,105,67.2,46.3,41.4,72.0
"2019-02-10 00:00:00",29500,138,448,1340,23600,3390,575,388,1480,11400,776,370,9500,574,1890,484,5100,1230,2970,1710,1030,943,241,,,8.58,99.7,65.5,45.5,40.5,60.3
"2019-02-11 00:00:00",24800,294,546,1320,19700,3230,585,397,1340,9570,719,282,8110,467,1710,444,4170,973,2480,1460,826,937,178,,,8.21,148,90.6,68.6,76.9,141
"2019-02-12 00:00:00",26400,679,1750,2200,19800,3610,747,1200,1390,9340,904,271,8900,569,2440,967,4450,1020,2390,1460,720,1350,160,,,8.22,467,207,155,196,620
"2019-02-13 00:00:00",34000,605,1850,5210,27200,6660,890,2220,1780,16800,2620,311,14300,673,6280,1310,4530,930,2400,1450,711,1600,160,,,9.35,352,167,103,130,487
"2019-02-14 00:00:00",43700,432,1140,3620,36900,7890,792,1150,1530,17500,2830,236,12900,452,5400,907,3850,703,2350,1450,705,1020,133,,,10.85,225,110,66.3,68.4,239
"2019-02-15 00:00:00",41400,328,979,2780,32100,7150,751,873,1450,13900,2160,233,10700,408,4130,774,3590,716,2000,1190,566,937,139,,,10.17,194,97.3,59.5,58.8,181
"2019-02-16 00:00:00",35300,249,850,3770,27900,6270,803,714,1950,13000,1840,472,9740,657,3410,660,3300,802,1700,997,499,835,172,,,9.91,165,87.6,53.8,52.2,141
"2019-02-17 00:00:00",33000,232,749,2350,26300,5590,755,599,1700,11100,1500,392,8330,487,2840,575,2960,712,1270,750,284,714,148,,,9.37,146,82.8,51.9,49.0,120
"2019-02-18 00:00:00",30100,315,866,2190,23100,5190,740,582,1490,9400,1310,310,7000,407,2550,546,2040,702,621,349,119,983,130,,,8.83,161,96.6,66.0,78.3,298
"2019-02-19 00:00:00",26400,238,721,1930,20400,5010,695,519,1320,7880,1180,222,6020,331,2480,457,1680,582,555,309,118,737,90.6,,,8.31,132,79.8,51.8,53.0,176
"2019-02-20 00:00:00",23600,254,701,1690,18600,5290,681,491,1210,7060,1020,189,5420,301,2240,422,1540,541,521,285,119,628,76.2,,,8.08,133,81.2,53.9,53.1,153
"2019-02-21 00:00:00",23100,365,849,1950,17900,5320,715,556,1270,6800,1020,210,5580,325,2520,518,1810,652,1270,913,285,1490,112,,,7.97,193,115,85.1,96.6,423
"2019-02-22 00:00:00",25400,343,1440,3470,19700,7130,789,1080,1610,10900,1830,306,10600,526,8510,1050,3770,724,2460,1790,464,1420,129,,,8.19,214,109,68.5,91.3,544
"2019-02-23 00:00:00",33100,251,1260,3020,34000,13900,754,1070,1630,19900,2720,327,15900,493,8630,972,4170,677,2750,1980,509,1080,113,,,9.00,173,91.5,57.3,63.8,342
"2019-02-24 00:00:00",52500,587,2580,4170,43200,15100,922,1530,2130,21100,3230,748,18600,1030,10200,1800,5840,1490,3230,2180,642,2640,309,,,11.70,341,168,105,181,959
"2019-02-25 00:00:00",62600,327,1840,4460,59200,19700,1010,1430,2670,35600,5170,1170,27100,1250,13600,1690,7310,1840,3520,2380,754,1770,381,,,12.60,219,106,62.5,79.8,420
"2019-02-26 00:00:00",72800,250,1280,2450,62000,16600,898,895,1980,25600,3190,581,18100,708,7930,1120,5690,1220,2490,1580,483,1210,223,,,13.26,179,93.4,55.1,59.9,234
"2019-02-27 00:00:00",55100,221,1090,2060,43600,12200,845,738,1620,17000,2250,382,12000,528,5290,886,2640,959,767,381,222,1030,163,,,11.33,159,88.5,53.5,55.0,178
"2019-02-28 00:00:00",41500,206,958,1870,32700,9840,811,654,1450,12000,1780,302,9190,455,4070,783,2690,847,1760,1050,620,909,137,,,9.98,149,85.5,52.2,52.4,152
"2019-03-01 00:00:00",33200,222,911,1740,26900,8400,781,592,1340,10800,1500,253,9110,404,3370,682,3760,778,2480,1640,653,836,118,,,9.36,145,87.5,56.2,57.2,145
"2019-03-02 00:00:00",32600,419,1670,1970,25200,8190,779,706,1300,10500,1370,225,8850,372,3280,654,3760,704,2490,1760,511,714,100,,,9.39,233,130,93.4,130,528
"2019-03-03 00:00:00",31300,322,1250,2360,25500,9310,770,791,1350,11000,1640,221,9320,391,3620,661,3560,649,2180,1570,402,634,87.9,,,9.36,186,115,77.9,100,314
"2019-03-04 00:00:00",35300,513,1720,2440,27300,9860,776,793,1340,11100,1750,211,8910,362,3600,646,3030,585,1410,971,213,577,74.9,,,9.70,264,154,107,168,551
"2019-03-05 00:00:00",34400,289,1190,2420,29100,12800,728,797,1230,10100,1630,-999999,7580,299,3510,542,1610,443,582,353,114,479,57.2,,,9.80,189,106,64.0,73.1,254
"2019-03-06 00:00:00",34200,236,994,1870,26800,11100,684,678,1100,8370,1440,-999999,6410,222,3110,487,1420,351,569,353,113,354,46.5,,,9.29,160,92.7,55.5,60.1,169
"2019-03-07 00:00:00",28800,209,886,1550,22700,9180,634,578,994,7390,1260,-999999,5590,199,2720,427,1360,375,565,354,112,324,41.0,,,8.65,145,88.1,53.5,54.6,136
"2019-03-08 00:00:00",25300,205,836,1480,20100,7880,621,535,956,6700,1140,-999999,5140,224,2450,391,1350,372,560,353,112,309,37.5,,,8.23,141,87.1,54.9,55.0,128
"2019-03-09 00:00:00",23200,213,820,1440,18500,7110,605,509,915,6250,1090,123,4800,203,2270,353,1320,378,561,354,112,296,36.0,,,7.96,139,88.0,56.6,57.2,131
"2019-03-10 00:00:00",23800,404,1040,5290,18800,6880,850,762,2550,9680,1300,1040,8960,1180,2940,945,3200,1520,792,374,123,1640,298,,,7.96,273,145,99.9,124,255
"2019-03-11 00:00:00",33800,264,881,4850,30300,7100,915,770,2860,17600,2100,1280,13700,1370,4650,1010,5110,2180,1470,745,475,1660,499,,,9.24,177,98.1,61.9,67.2,150
"2019-03-12 00:00:00",41300,240,754,2680,34700,7210,846,602,2170,17100,2190,759,13200,928,4810,753,4830,1730,1870,1030,602,1060,334,,,10.64,149,87.7,53.9,56.4,128
"2019-03-13 00:00:00",38100,234,692,2130,31300,7010,812,523,1790,14100,1850,468,10900,660,3910,640,4040,1330,1710,895,601,839,231,,,10.00,138,83.2,51.7,52.1,116
"2019-03-14 00:00:00",33200,229,666,1910,26900,6570,789,486,1590,11700,1490,356,9240,536,3280,555,3550,1250,1520,811,495,781,231,,,9.32,130,80.7,51.0,50.9,107
"2019-03-15 00:00:00",29100,227,641,1790,23700,6070,759,459,1530,10500,1290,369,8980,563,2870,480,4420,2150,1290,567,458,767,519,,,8.80,126,78.6,50.7,50.0,100
"2019-03-16 00:00:00",26600,216,606,1670,22000,5620,742,425,1520,10500,1150,278,8780,505,2580,421,4040,2000,1100,426,461,641,419,,,8.58,115,74.7,47.2,46.5,90.1
"2019-03-17 00:00:00",25300,202,552,1500,20900,5150,701,397,1400,8920,1000,192,7170,387,2240,367,2940,1220,1020,425,418,551,245,,,8.32,108,71.9,46.0,44.8,77.9
"2019-03-18 00:00:00",23100,195,529,1380,18500,4750,676,377,1270,7440,889,150,6010,315,1920,327,2380,879,947,403,395,573,168,,,7.81,104,70.1,45.7,44.1,73.2
"2019-03-19 00:00:00",20500,186,509,1290,16300,4400,647,361,1150,6490,813,124,5240,263,1680,272,1980,691,767,382,252,623,126,,,7.42,98.2,68.0,44.8,43.3,67.3
"2019-03-20 00:00:00",18500,198,489,1210,15000,4200,612,348,1050,5720,746,106,4510,226,1470,235,1640,580,691,383,196,580,103,,,7.17,95.9,67.2,45.3,42.8,63.1
"2019-03-21 00:00:00",24800,1330,2890,3480,17600,4730,1020,661,1280,5250,716,113,4200,222,1380,249,1610,563,697,384,196,560,97.7,,,7.11,1200,491,359,413,1510
"2019-03-22 00:00:00",63400,1610,7110,16600,37000,14000,2870,3220,5690,7050,1720,312,5480,405,1810,316,1770,605,728,418,195,559,102,,,11.70,862,328,152,296,1710
"2019-03-23 00:00:00",64700,600,2350,5050,45300,16200,1640,1230,3750,8140,2090,289,5120,305,1710,269,1630,516,743,435,193,541,85.6,,,11.80,312,136,68.4,84.7,452
"2019-03-24 00:00:00",43900,441,1480,3030,30900,10700,1240,827,2420,6910,1680,224,4560,256,1500,237,1500,463,690,434,145,523,79.2,,,9.98,239,112,59.2,65.0,236
"2019-03-25 00:00:00",33000,381,1180,2520,24400,8480,1100,678,2040,6140,1390,201,4190,248,1340,227,1470,503,670,435,122,518,108,,,9.09,210,104,56.9,58.8,179
"2019-03-26 00:00:00",28100,344,998,2550,21400,7330,1050,593,2000,5910,1250,216,4350,296,1280,214,1620,551,768,435,220,546,163,,,8.68,187,95.4,53.6,54.2,149
"2019-03-27 00:00:00",25400,320,852,2090,19500,6480,919,520,1610,5660,1100,169,4110,233,1200,195,1610,501,814,434,263,435,153,,,8.23,168,88.4,50.9,50.6,122
"2019-03-28 00:00:00",22900,308,771,1810,17600,5840,851,475,1430,5240,943,158,3880,215,1090,184,1570,495,779,399,263,409,132,,,7.83,156,84.7,49.8,48.7,110
"2019-03-29 00:00:00",20800,274,723,1690,16100,5320,816,451,1330,4950,875,154,3710,211,1030,176,1490,478,676,347,218,305,115,,,7.56,149,82.7,49.8,48.1,103
"2019-03-30 00:00:00",19300,258,682,1610,15200,4940,783,429,1270,4710,819,141,3500,201,986,168,1380,448,553,310,148,264,100,,,7.37,141,79.8,48.9,46.7,97.6
"2019-03-31 00:00:00",18400,269,634,1500,14400,4660,738,409,1170,4380,771,127,3260,184,946,164,1330,417,483,285,122,260,88.5,,,7.12,136,77.7,48.1,46.4,90.5
"2019-04-01 00:00:00",17100,233,573,1360,13300,4310,690,380,1050,4020,704,104,3000,158,898,155,1250,368,445,260,122,249,71.3,,,6.88,123,72.8,45.1,42.3,78.6
"2019-04-02 00:00:00",15600,207,543,1250,12300,4070,653,360,968,3690,634,89.1,2770,140,843,148,1170,334,424,248,122,233,62.1,,,6.66,119,71.5,45.6,42.1,67.7
"2019-04-03 00:00:00",14800,209,527,1190,11500,3820,632,350,915,3420,580,83.2,2600,132,790,147,1090,314,420,248,122,223,55.5,,,6.47,116,69.9,44.8,41.9,69.6
"2019-04-04 00:00:00",13800,200,488,1120,10900,3640,605,334,861,3240,546,74.4,2470,121,756,140,1010,289,400,248,104,206,48.3,,,6.30,111,66.7,43.3,40.3,63.1
"2019-04-05 00:00:00",13200,218,525,1070,10500,3530,597,353,827,3200,536,96.2,2490,181,738,148,971,392,400,248,97.6,220,59.0,,,6.25,110,67.9,44.4,41.5,78.1
"2019-04-06 00:00:00",13200,244,594,1110,10500,3520,599,417,860,3970,566,221,3240,457,789,165,1060,426,398,247,97.9,242,65.0,,,6.24,111,67.6,44.3,42.2,97.5
"2019-04-07 00:00:00",13300,207,495,1070,11400,3530,569,366,802,4230,597,189,3000,322,828,157,1010,393,398,247,98.3,215,56.9,,,6.26,107,64.1,42.8,40.0,77.8
"2019-04-08 00:00:00",14200,168,475,1020,11500,3500,559,349,792,4030,546,197,3210,420,777,157,1180,545,405,246,98.2,265,78.7,,,6.42,107,64.8,44.1,40.3,73.2
"2019-04-09 00:00:00",13800,170,462,1040,11100,3340,548,346,762,4240,526,181,3260,383,809,156,1200,552,403,246,99.4,242,77.3,,,6.30,104,63.0,42.6,39.8,78.8
"2019-04-10 00:00:00",13400,172,429,933,10900,3180,523,328,706,4100,515,156,3230,318,887,147,1180,542,415,246,116,214,75.2,,,6.20,99.1,59.9,39.8,37.1,64.7
"2019-04-11 00:00:00",12900,178,402,848,10500,3110,504,308,661,3940,481,133,3050,264,846,138,1150,497,424,245,124,196,70.1,,,6.09,94.3,58.0,38.7,36.1,51.0
"2019-04-12 00:00:00",12600,191,399,878,10200,3010,499,305,635,3700,452,118,2880,227,812,133,1130,513,429,245,124,196,72.3,,,6.04,99.0,62.3,43.2,38.2,49.9
"2019-04-13 00:00:00",14000,282,702,2990,10900,3240,578,462,1100,3930,468,166,3640,372,844,152,1750,869,705,500,124,280,131,,,6.09,246,105,74.3,50.8,116
"2019-04-14 00:00:00",16500,218,595,2340,12100,3910,555,454,1060,4890,627,163,3920,312,894,159,1800,855,656,449,125,255,131,,,6.80,145,70.6,47.3,41.3,93.4
"2019-04-15 00:00:00",25000,236,2650,9610,18300,7580,765,832,1760,6410,716,760,6440,1170,1240,266,2870,1750,534,247,183,1110,268,,,7.05,207,74.1,52.3,48.6,108
"2019-04-16 00:00:00",34600,195,1160,3530,28200,15700,671,615,1570,8940,964,563,6930,805,2280,272,2360,1370,614,246,275,701,238,,,9.60,126,62.3,40.9,37.7,78.9
"2019-04-17 00:00:00",36100,188,809,2210,27500,12600,589,459,1230,8250,927,329,6430,527,2370,244,2010,1010,644,247,300,546,175,,,9.36,114,59.1,39.4,36.2,64.8
"2019-04-18 00:00:00",29100,220,644,1840,22300,9140,560,394,1080,7040,835,229,5420,394,1930,220,1750,791,641,247,300,472,132,,,8.55,107,57.1,38.7,35.2,58.2
"2019-04-19 00:00:00",24600,244,912,2040,19000,7440,592,512,1170,6220,791,208,5110,417,1890,300,2000,995,841,376,303,673,152,,,8.18,162,64.1,46.6,42.2,198
"2019-04-20 00:00:00",31400,290,1580,7900,25000,11200,1080,2890,3650,13400,1800,789,14900,1260,7970,789,4060,1660,1010,438,351,1290,269,,,8.98,237,73.1,52.5,57.3,643
"2019-04-21 00:00:00",48500,204,737,3210,44800,16200,782,1030,2250,19500,2560,494,14300,749,7160,594,3190,1290,978,435,375,869,217,,,11.14,132,57.9,39.1,37.2,197
"2019-04-22 00:00:00",48300,186,608,2230,38200,12600,697,701,1650,13500,1750,310,9990,511,4530,473,2580,972,957,433,373,743,161,,,10.68,116,54.7,37.1,34.8,126
"2019-04-23 00:00:00",36700,174,533,1860,28400,9710,654,558,1400,10000,1310,222,7740,390,3290,403,2200,776,944,436,371,633,125,,,9.41,108,52.4,35.5,33.8,100
"2019-04-24 00:00:00",29000,167,486,1630,22700,7840,627,482,1300,8160,1080,174,6450,325,2650,349,1970,657,877,439,309,480,101,,,8.56,102,50.4,34.4,32.4,84.0
"2019-04-25 00:00:00",24500,160,446,1440,19400,6630,595,430,1140,6960,936,137,5480,267,2200,302,1720,560,789,439,229,432,86.4,,,8.02,95.6,48.9,33.0,31.5,70.5
"2019-04-26 00:00:00",22000,284,490,1420,17100,5860,579,419,1160,6200,857,141,5110,317,1940,296,1830,619,996,686,205,609,94.4,,,7.70,126,78.4,66.9,45.7,72.0
"2019-04-27 00:00:00",20400,272,470,1550,15800,5330,582,402,1300,6610,875,197,6230,424,2830,274,2240,596,1560,1270,203,887,100,,,7.47,113,62.8,45.7,40.4,83.1
"2019-04-28 00:00:00",19100,193,404,1250,16000,5050,538,366,1070,7680,807,152,7110,303,3170,238,2660,536,1620,1260,203,763,100,,,7.42,95.3,54.3,38.0,33.8,63.6
"2019-04-29 00:00:00",18800,171,373,1140,16400,4660,521,349,980,7600,701,136,6360,275,2860,211,1970,493,1210,917,203,689,97.8,,,7.43,87.3,50.1,34.7,31.5,53.0
"2019-04-30 00:00:00",18600,168,344,1040,15400,4230,506,335,889,6460,637,118,5550,239,2430,189,1940,467,987,633,203,614,94.2,,,7.20,85.6,49.1,34.4,31.0,48.5
"2019-05-01 00:00:00",17100,194,329,979,13900,3930,499,324,847,5870,578,112,4730,222,2070,173,1420,446,718,408,203,554,84.4,,,6.86,85.2,49.1,35.0,31.6,45.8
"2019-05-02 00:00:00",16300,239,344,948,13000,3720,489,311,803,5060,569,101,4180,202,1770,160,1370,413,664,407,150,480,73.6,,,6.70,84.8,48.4,33.8,84.4,67.9
"2019-05-03 00:00:00",15300,240,347,972,12000,3650,492,380,769,4720,535,95.4,3770,184,1540,157,1430,585,645,409,126,454,65.9,,,6.44,89.3,47.2,33.6,53.5,108
"2019-05-04 00:00:00",16300,252,527,3430,14500,4610,985,1510,1200,5570,985,121,5310,1030,1540,213,1820,641,652,411,125,758,66.8,,,6.52,149,61.5,43.0,45.2,60.4
"2019-05-05 00:00:00",29900,707,2380,9960,23500,6020,1800,3320,2780,10100,2330,688,9630,1330,2720,1010,3770,1140,2360,1720,317,2500,271,,,7.92,618,150,110,159,1700
"2019-05-06 00:00:00",64000,575,1920,13300,52200,11700,2020,4870,3330,25500,5900,1070,16700,1350,4670,1040,6600,1060,3660,2590,707,1620,415,,,12.07,292,108,62.9,96.0,785
"2019-05-07 00:00:00",67400,339,898,3920,50100,8320,1310,1320,2170,18500,3420,531,11900,741,2960,643,5300,858,3090,2200,578,972,249,,,11.95,172,69.8,42.1,47.3,266
"2019-05-08 00:00:00",44700,275,684,2680,32800,6620,1050,927,1650,12500,2200,304,8660,491,2100,502,3820,709,1880,1280,307,750,160,,,10.12,136,60.3,37.7,39.4,158
"2019-05-09 00:00:00",33200,242,586,2190,24800,5470,938,752,1400,9240,1600,201,6220,361,1650,400,2030,600,786,424,210,619,121,,,8.96,123,57.5,36.6,37.2,121
"2019-05-10 00:00:00",27000,393,572,2150,20500,4760,885,644,1270,6780,1280,153,4900,297,1410,325,1760,575,767,423,209,534,108,,,8.51,363,125,72.3,48.1,112
"2019-05-11 00:00:00",28700,693,783,2540,17700,4360,847,614,1140,5850,1070,120,4310,244,1260,273,1760,489,1350,1090,208,499,89.7,,,8.03,361,143,94.5,109,327
"2019-05-12 00:00:00",24900,794,978,4100,16800,4370,889,785,2250,6640,1030,755,7430,1030,1310,401,5350,2380,2430,1550,600,1340,579,,,7.90,445,209,128,176,509
"2019-05-13 00:00:00",33800,754,1850,7820,24400,4930,1120,1120,3840,15600,1440,1190,13800,1460,2900,708,7700,2920,3300,1550,1380,1910,710,,,8.95,596,194,103,172,828
"2019-05-14 00:00:00",49800,526,1490,7750,38100,6680,1220,1270,3420,20100,2200,932,16600,1130,5900,776,7000,2200,3610,2150,1180,1990,511,,,11.40,318,123,62.4,85.2,426
"2019-05-15 00:00:00",49500,391,934,3460,39900,8620,982,844,2430,18100,1930,502,14100,705,4840,555,6080,1510,3560,2560,718,1340,303,,,11.43,234,96.1,48.9,55.6,223
"2019-05-16 00:00:00",42700,330,738,2610,33100,7600,902,666,1940,13900,1530,308,11000,487,3560,444,4700,1040,2380,1640,451,1030,193,,,10.27,195,83.7,44.4,44.7,153
"2019-05-17 00:00:00",34400,285,623,2190,26400,6150,840,571,1630,10500,1230,210,7840,362,2750,369,2690,776,1100,581,318,878,136,,,9.28,173,75.3,41.2,40.0,122
"2019-05-18 00:00:00",28100,255,538,1960,21100,5120,806,503,1420,7830,1030,165,5950,295,2220,310,1930,666,813,413,259,782,126,,,8.37,153,86.5,56.6,37.6,132
"2019-05-19 00:00:00",23300,241,487,1870,17600,4450,764,459,1920,6500,892,132,4980,243,1790,282,1710,556,761,415,215,699,94.1,,,7.80,141,97.8,60.8,35.3,175
"2019-05-20 00:00:00",20200,226,438,1730,17400,3920,980,443,2850,5770,799,116,4690,232,1500,256,1860,519,1370,1080,255,645,94.8,,,7.58,127,64.7,39.5,32.8,104
"2019-05-21 00:00:00",20900,206,385,1580,16300,3530,794,401,1970,5420,700,92.0,4950,185,1440,201,2390,395,1290,819,280,543,69.9,,,7.43,116,59.3,35.6,30.3,89.0
"2019-05-22 00:00:00",17700,152,349,1290,13900,3130,705,368,1460,5410,593,70.2,3790,155,1190,163,1400,340,629,386,137,431,57.4,,,6.93,108,56.1,34.0,29.3,77.9
"2019-05-23 00:00:00",16000,187,336,1200,12800,2880,681,358,1280,4030,516,59.3,3060,142,1040,136,1100,309,533,347,115,336,54.5,,,6.76,134,63.4,36.8,45.8,73.3
"2019-05-24 00:00:00",14900,283,342,1180,11300,2830,662,355,1170,3490,468,64.5,2760,144,932,117,1080,291,543,346,125,333,46.9,,,6.38,126,59.3,35.3,41.3,92.5
"2019-05-25 00:00:00",12900,237,294,1060,10000,2590,612,334,1050,3210,435,51.0,2540,123,869,102,1080,256,761,566,125,296,39.2,,,6.06,99.3,52.6,32.4,31.7,231
"2019-05-26 00:00:00",11800,132,304,1250,9580,2860,601,354,960,3010,432,50.1,2620,131,803,97.8,1210,252,764,561,126,337,49.0,,,5.99,95.0,51.3,32.1,29.9,788
"2019-05-27 00:00:00",11800,131,282,1590,9940,2830,708,338,901,3250,507,-999999,2920,177,800,103,1390,291,606,341,178,455,82.4,,,5.99,91.6,51.9,32.0,29.2,266
"2019-05-28 00:00:00",12800,132,335,1160,9410,2640,589,354,836,3480,457,-999999,2650,137,815,102,1130,249,553,341,131,547,59.4,,,5.97,91.6,50.1,31.7,27.6,128
"2019-05-29 00:00:00",11600,116,297,1030,9250,2440,560,349,789,3130,483,40.3,2440,112,773,93.3,1000,232,650,410,178,387,49.0,,,5.84,84.7,47.2,30.0,26.4,104
"2019-05-30 00:00:00",10900,134,254,1290,8610,2250,572,302,1020,2960,424,39.5,2360,113,695,82.7,1250,361,669,450,134,312,44.7,,,5.64,89.0,76.8,54.0,25.9,81.5
"2019-05-31 00:00:00",11100,168,333,1280,8520,2190,575,293,897,2890,352,48.0,2520,145,654,75.4,1220,414,616,416,125,299,41.2,,,5.68,97.9,61.6,40.1,28.2,90.1
"2019-06-01 00:00:00",10600,148,245,956,8150,2140,514,277,754,2890,323,37.7,2350,102,771,69.7,1230,327,870,407,408,262,33.3,,,5.51,78.3,48.6,31.5,24.6,63.6
"2019-06-02 00:00:00",9920,206,234,853,7810,2110,504,279,1020,2890,319,29.3,2610,103,728,68.3,1170,283,589,394,124,790,34.9,,,5.43,79.8,49.4,30.1,48.3,112
"2019-06-03 00:00:00",9880,302,261,994,7920,2230,519,270,1250,2840,299,23.9,2330,102,768,87.1,1080,255,572,386,124,807,36.0,,,5.37,93.9,48.6,29.0,48.9,209
"2019-06-04 00:00:00",10200,146,219,855,8380,2090,475,252,833,2630,272,20.1,2190,77.2,727,79.0,949,212,529,393,82.8,423,28.6,,,5.47,72.8,43.0,27.2,28.4,67.6
"2019-06-05 00:00:00",9360,113,204,727,7290,1940,458,244,720,2360,254,17.4,1930,68.8,634,70.2,903,195,776,689,64.9,355,26.2,,,5.22,70.2,42.2,27.1,25.8,49.4
"2019-06-06 00:00:00",8510,116,194,695,6830,1850,449,249,671,2130,243,15.9,2060,66.6,588,71.8,1220,190,919,808,64.9,656,26.8,,,5.07,69.7,42.1,27.6,26.3,43.6
"2019-06-07 00:00:00",7790,105,186,662,6430,1790,438,242,619,2360,234,15.0,2150,61.8,584,71.7,1180,172,692,547,64.9,426,22.8,,,4.93,66.6,39.7,25.8,23.7,36.7
"2019-06-08 00:00:00",7230,101,178,631,6290,1750,423,232,572,2340,228,13.9,1900,57.4,568,66.1,834,159,531,413,64.9,349,19.5,,,4.89,63.3,38.5,25.6,22.3,36.1
"2019-06-09 00:00:00",7120,97.9,176,597,6270,1740,407,227,530,1960,221,12.4,1640,52.7,523,62.1,804,151,534,414,64.9,309,17.9,,,4.88,61.1,37.2,24.6,21.4,31.1
"2019-06-10 00:00:00",7120,102,234,589,6130,1850,402,241,512,1850,231,12.7,1710,53.6,524,69.9,984,193,804,707,65.3,498,30.9,,,4.87,70.0,41.9,27.7,25.4,68.4
"2019-06-11 00:00:00",6990,107,247,648,6080,2070,426,253,658,2100,322,19.2,2290,65.3,673,102,1360,227,928,814,64.9,733,33.9,,,4.85,67.9,40.4,26.8,24.1,68.3
"2019-06-12 00:00:00",6810,116,204,634,6530,2380,405,229,549,2820,362,18.4,2570,56.5,930,81.3,1170,165,646,503,64.9,422,22.9,,,4.86,60.1,36.1,24.2,21.1,41.3
"2019-06-13 00:00:00",8460,267,329,1010,7970,2740,444,248,517,2900,317,15.0,2260,49.3,873,73.7,821,166,485,367,65.4,431,21.9,,,4.97,140,80.0,65.6,38.2,134
"2019-06-14 00:00:00",10600,223,333,2000,8030,2280,511,265,578,2350,282,12.2,1950,48.9,726,67.8,825,179,468,358,64.9,621,23.8,,,5.71,99.7,58.9,41.6,28.5,95.7
"2019-06-15 00:00:00",9820,155,213,1040,6930,1990,405,232,510,2140,285,9.87,1770,45.6,652,60.9,747,149,462,358,64.9,506,18.7,,,5.16,68.9,41.1,28.2,22.9,59.3
"2019-06-16 00:00:00",7740,141,187,727,6280,1860,382,220,461,1930,236,9.11,1640,42.0,591,57.0,714,138,461,358,64.9,412,16.5,,,4.92,63.3,38.1,26.2,21.3,50.5
"2019-06-17 00:00:00",6900,125,181,729,5980,1740,392,217,440,1850,225,11.0,1630,48.0,540,55.8,787,174,469,359,65.0,420,57.3,,,4.83,60.8,38.3,25.4,21.6,43.6
"2019-06-18 00:00:00",6730,127,240,647,5620,1640,372,204,461,1810,212,11.3,1610,51.9,494,54.1,773,163,464,354,64.9,392,40.8,,,4.72,61.3,37.6,25.3,26.9,77.9
"2019-06-19 00:00:00",6360,120,207,631,5550,1580,392,203,504,1770,198,12.6,1570,52.6,475,57.1,759,196,468,352,64.9,362,40.6,,,4.67,58.6,48.4,25.3,30.7,147
"2019-06-20 00:00:00",6420,501,170,796,5540,1600,367,201,512,1840,191,167,2620,601,456,62.6,1760,1180,479,355,65.0,293,62.3,,,4.67,75.1,60.4,27.0,44.8,69.6
"2019-06-21 00:00:00",6220,243,149,617,5370,1530,351,193,654,3450,189,145,2760,305,510,57.0,1360,722,477,356,64.9,442,98.3,,,4.56,54.5,36.9,23.1,22.1,54.8
"2019-06-22 00:00:00",5880,176,136,539,6700,1470,331,187,496,2730,184,66.7,2140,150,480,51.1,1070,457,485,356,81.6,365,88.5,,,4.57,48.6,33.0,21.4,19.2,36.6
"2019-06-23 00:00:00",7010,131,129,488,6300,1440,318,179,419,2150,167,37.0,1780,97.1,447,46.9,935,330,481,342,89.0,272,63.4,,,4.80,46.5,31.1,20.8,17.9,30.3
"2019-06-24 00:00:00",6220,101,124,459,5510,1390,314,175,386,1830,156,24.5,1610,75.0,417,44.8,849,275,474,331,90.2,263,59.9,,,4.57,46.3,30.2,20.1,17.4,26.7
"2019-06-25 00:00:00",5960,146,172,606,5330,1420,435,220,434,1780,184,28.2,1770,89.2,486,59.5,1020,340,482,331,90.4,467,142,,,4.55,63.0,38.6,25.4,20.2,42.4
"2019-06-26 00:00:00",5720,96.6,169,795,5370,1750,363,202,434,2100,311,35.6,2310,73.0,1120,59.7,846,232,466,330,90.2,289,88.9,,,4.59,47.5,30.2,21.0,17.0,34.8
"2019-06-27 00:00:00",5840,87.8,134,525,6040,2160,325,182,375,2650,258,26.1,2090,56.0,810,50.6,756,190,454,321,90.2,231,64.9,,,4.66,43.9,28.4,21.4,16.1,26.6
"2019-06-28 00:00:00",6570,85.3,163,443,6460,2010,315,187,347,2270,208,106,1850,172,608,46.6,722,182,434,307,89.5,203,49.3,,,4.80,41.6,27.4,19.0,15.5,22.1
"2019-06-29 00:00:00",6220,83.2,125,409,5900,1740,303,184,341,2020,198,56.8,1590,101,509,42.3,667,155,458,309,93.0,172,72.8,,,4.68,40.3,27.5,18.5,14.8,38.7
"2019-06-30 00:00:00",5970,106,126,411,5490,1570,317,194,370,1820,223,103,1690,182,1060,57.3,1790,158,2880,2230,421,5620,310,,,4.56,45.7,28.7,19.0,14.4,23.3
"2019-07-01 00:00:00",5580,110,111,408,5030,1480,294,170,330,4210,208,64.0,7530,97.6,3600,81.0,3870,133,3430,2850,340,1120,122,,,4.39,38.2,25.3,17.2,13.3,18.6
"2019-07-02 00:00:00",5510,131,98.8,385,6510,1410,281,165,303,6680,173,35.0,5430,68.4,1390,68.4,2890,121,2240,1800,251,786,77.2,,,4.30,37.8,46.8,20.6,19.0,16.9
"2019-07-03 00:00:00",8650,237,121,510,9610,1340,278,159,294,4690,180,25.6,3440,61.2,875,56.2,1640,152,1220,974,145,576,62.7,,,4.90,61.3,49.8,23.4,29.4,25.3
"2019-07-04 00:00:00",9820,273,139,449,7660,1340,282,157,322,3210,167,32.2,2480,56.8,697,53.6,1330,170,1110,852,179,633,46.1,,,5.27,65.4,39.7,64.2,90.8,20.9
"2019-07-05 00:00:00",8580,191,121,506,6380,1590,270,286,312,2790,158,144,2550,90.8,683,49.2,1360,203,884,626,153,833,40.5,,,4.80,49.3,32.9,29.9,74.5,22.0
"2019-07-06 00:00:00",7050,247,117,2110,6230,1520,366,211,410,2720,157,75.6,2310,87.1,830,48.6,1080,206,930,747,124,870,73.1,,,4.82,66.8,37.4,25.3,44.4,15.8
"2019-07-07 00:00:00",8970,275,118,1230,6800,2200,413,184,727,2520,181,62.9,2820,81.7,1250,127,1420,172,1350,854,416,744,80.1,,,5.23,118,51.0,27.5,39.7,14.5
"2019-07-08 00:00:00",26800,2620,149,7520,11100,3090,1040,651,1020,4850,267,609,5370,547,1460,234,1720,213,1390,1060,124,787,68.8,,,5.31,1270,402,430,478,13.4
"2019-07-09 00:00:00",25200,725,149,3400,12500,2370,620,321,969,5290,226,210,4960,251,2490,87.1,1690,174,1290,1030,124,670,55.8,,,7.06,146,67.4,47.8,67.5,18.9
"2019-07-10 00:00:00",15600,343,116,1290,10900,2350,442,233,621,5040,302,111,3810,140,1550,57.6,1310,184,803,552,116,526,73.2,,,6.18,92.6,45.5,31.4,34.7,13.6
"2019-07-11 00:00:00",12500,229,110,898,9620,2190,399,207,513,3820,253,74.7,3620,345,1380,49.8,1280,309,675,450,113,522,187,,,5.88,80.2,42.9,30.6,34.5,81.1
"2019-07-12 00:00:00",11300,199,229,1440,8590,2100,456,241,528,4000,221,61.9,3820,229,1610,51.6,1290,335,717,446,173,722,237,,,5.72,76.7,43.5,30.3,30.1,252
"2019-07-13 00:00:00",10200,147,143,892,8350,2510,363,202,444,3930,208,43.0,3610,142,1730,41.1,1110,239,734,439,203,449,137,,,5.53,63.6,35.7,24.8,23.7,62.9
"2019-07-14 00:00:00",9840,109,103,653,8960,2790,333,181,377,3590,270,29.9,2830,98.3,1140,35.2,1010,186,727,439,203,399,90.0,,,5.58,57.7,32.8,23.0,21.4,34.1
"2019-07-15 00:00:00",9260,103,85.5,559,7630,2140,314,170,340,2850,218,20.6,2310,73.9,860,31.2,951,151,721,439,203,372,61.9,,,5.20,52.8,30.6,21.8,19.4,23.9
"2019-07-16 00:00:00",7830,99.5,76.2,502,6440,1760,301,163,311,2380,173,16.1,2040,60.5,721,28.5,909,129,697,415,203,348,46.7,,,4.84,50.8,29.4,20.7,18.1,18.3
"2019-07-17 00:00:00",6640,111,72.7,482,5680,1610,316,170,307,2110,153,13.5,1890,75.0,659,31.8,884,124,617,389,149,335,37.9,,,4.68,53.1,31.4,27.0,18.1,16.2
"2019-07-18 00:00:00",6420,122,103,566,5420,1570,342,176,307,2020,149,14.0,1940,75.3,771,37.5,798,140,569,382,124,330,32.9,,,4.63,60.8,32.9,26.7,19.8,27.3
"2019-07-19 00:00:00",5850,96.8,84.9,560,5210,1690,301,160,298,2020,147,13.7,1920,65.4,688,32.1,746,120,511,350,103,281,26.8,,,4.56,50.0,28.6,22.2,17.4,14.9
"2019-07-20 00:00:00",5580,94.1,67.8,469,4960,1490,279,150,269,1930,141,12.3,1600,50.3,558,29.6,631,99.2,472,335,94.1,259,22.3,,,4.44,45.9,26.1,20.1,15.7,11.9
"2019-07-21 00:00:00",5550,91.8,79.5,473,4770,1390,270,145,249,1630,136,9.50,1380,42.8,472,27.5,611,89.2,470,335,94.1,250,19.2,,,4.36,43.2,24.3,19.1,14.5,10.0
"2019-07-22 00:00:00",5680,90.0,159,629,4640,1560,292,219,321,1500,126,8.53,1300,40.3,441,27.2,717,198,479,338,94.4,336,20.0,,,4.42,58.4,26.2,20.0,13.9,8.56
"2019-07-23 00:00:00",7190,206,145,4330,6600,2180,617,971,339,1450,133,7.80,1720,43.5,1380,33.6,799,203,480,338,94.1,564,25.5,,,4.47,102,40.4,29.7,24.5,9.73
"2019-07-24 00:00:00",11500,104,133,1570,6360,2020,402,431,319,2760,928,9.62,3080,58.6,1730,34.3,725,183,462,338,85.6,328,18.2,,,5.21,56.3,28.0,22.2,16.1,10.1
"2019-07-25 00:00:00",7760,92.9,86.0,984,6130,1720,358,277,292,3440,604,45.0,2260,57.9,1040,28.5,660,149,454,338,81.5,279,14.9,,,4.85,47.6,24.7,19.7,14.2,8.08
"2019-07-26 00:00:00",7360,89.2,66.3,706,7010,1530,317,232,268,2490,384,25.1,1790,41.4,756,24.9,625,127,453,337,81.5,261,13.3,,,4.95,43.9,23.0,18.3,13.0,6.57
"2019-07-27 00:00:00",7260,96.4,57.2,570,5850,1430,294,209,238,1960,278,13.9,1530,35.1,615,22.6,605,108,452,336,81.5,247,11.9,,,4.66,40.9,22.0,17.3,12.4,5.49
"2019-07-28 00:00:00",6070,112,52.4,502,4930,1260,278,196,225,1680,218,9.49,1380,31.1,538,20.9,594,95.1,449,336,81.5,235,10.9,,,4.35,38.1,20.6,16.5,11.8,5.02
"2019-07-29 00:00:00",5100,83.8,47.0,457,4430,1200,269,182,218,1500,178,7.13,1280,28.7,481,19.8,573,84.8,451,338,81.5,224,10.1,,,4.15,36.5,19.7,16.0,11.2,4.59
"2019-07-30 00:00:00",4610,70.4,41.2,420,4030,1130,261,176,208,1400,164,5.80,1200,26.9,440,25.0,586,78.5,437,339,63.3,132,9.59,,,4.01,34.9,19.3,15.3,10.8,5.87
"2019-07-31 00:00:00",4180,69.4,38.3,390,3900,1150,250,171,218,1350,152,5.03,1270,34.6,453,47.4,660,126,433,339,59.6,123,20.7,,,3.95,33.7,18.9,15.3,10.5,4.26
"2019-08-01 00:00:00",4040,69.0,54.5,388,4010,1450,251,168,211,1430,142,5.61,1550,36.1,557,70.8,684,128,445,339,71.0,137,24.2,,,3.90,34.3,19.5,15.0,10.5,4.84
"2019-08-02 00:00:00",4130,66.5,44.8,368,3830,1170,246,163,211,1650,200,16.9,1560,29.7,584,62.1,620,97.7,431,326,70.9,115,13.6,,,3.90,32.2,18.7,15.1,10.1,5.34
"2019-08-03 00:00:00",3890,68.5,39.1,353,3930,1200,239,159,227,1820,214,71.7,1560,83.1,600,52.2,585,88.4,383,288,70.9,100,13.9,,,3.89,32.2,18.3,14.8,9.92,4.54
"2019-08-04 00:00:00",4750,413,35.7,374,4300,1300,320,159,244,1720,169,22.6,1430,39.4,565,40.2,528,78.1,369,279,70.9,90.0,10.5,,,4.00,51.3,26.0,15.6,16.0,6.96
"2019-08-05 00:00:00",4420,107,32.4,347,4390,1300,247,152,216,1510,148,12.7,1270,30.3,496,33.2,497,68.6,368,279,71.0,85.1,9.55,,,4.07,35.2,18.8,14.6,10.7,7.55
"2019-08-06 00:00:00",5180,151,29.6,326,4120,1190,238,147,203,1370,177,8.65,1150,25.4,438,28.9,484,64.6,368,279,70.9,83.1,10.7,,,3.95,32.8,18.3,14.6,10.1,4.86
"2019-08-07 00:00:00",5940,606,27.7,335,3810,1160,242,145,204,1340,191,6.39,1080,24.1,388,26.7,482,66.0,367,278,70.9,85.2,10.0,,,3.88,53.2,41.7,32.5,23.2,4.38
"2019-08-08 00:00:00",5650,405,39.7,424,3740,1200,231,144,188,1190,144,4.99,1020,23.4,372,24.5,475,61.0,350,263,70.9,86.0,8.90,,,3.88,49.8,29.7,22.2,20.9,6.10
"2019-08-09 00:00:00",4140,166,51.1,341,3520,1120,222,142,183,1110,126,4.28,975,21.8,358,22.3,447,58.2,335,253,70.9,86.4,7.95,,,3.78,34.6,20.3,16.8,12.4,7.60
"2019-08-10 00:00:00",3710,119,33.2,290,3170,996,211,135,172,1050,118,3.23,930,19.5,339,20.4,428,54.7,334,253,70.9,77.7,7.03,,,3.64,30.6,18.3,14.6,10.7,5.60
"2019-08-11 00:00:00",3300,107,29.5,264,3030,977,204,132,169,1010,108,2.48,883,17.7,311,19.2,424,50.3,331,252,67.7,66.6,6.49,,,3.55,28.7,17.4,13.8,9.89,4.09
"2019-08-12 00:00:00",3070,92.9,31.6,249,2900,931,202,130,167,954,102,2.43,857,16.6,298,18.3,414,47.5,328,252,65.3,60.1,5.85,,,3.49,27.2,16.8,13.4,9.34,3.20
"2019-08-13 00:00:00",2920,82.8,30.1,244,2730,905,209,132,163,929,98.1,1.75,831,16.2,275,17.9,414,46.8,328,251,65.3,55.6,6.00,,,3.42,30.4,19.9,15.7,9.62,2.97
"2019-08-14 00:00:00",2920,86.8,33.9,398,2860,963,228,172,257,945,99.3,3.90,828,19.2,264,18.2,459,94.6,330,252,65.0,379,7.40,,,3.42,42.7,20.6,16.7,11.2,13.4
"2019-08-15 00:00:00",3230,85.4,124,287,3010,1140,219,152,224,905,98.4,10.5,885,37.4,262,21.3,492,95.2,323,252,58.5,149,7.21,,,3.55,31.3,18.2,15.0,10.3,6.42
"2019-08-16 00:00:00",4040,88.9,217,268,3160,1140,208,152,197,973,101,12.1,960,27.1,283,25.3,487,102,314,252,52.8,95.4,6.14,,,3.68,30.3,17.7,14.7,10.3,4.45
"2019-08-17 00:00:00",3620,81.4,82.2,258,3060,1190,199,140,196,1040,105,8.46,891,33.1,261,21.8,429,70.9,313,251,52.8,78.6,5.35,,,3.61,28.2,16.8,13.9,9.85,4.17
"2019-08-18 00:00:00",3450,79.0,55.0,243,3330,1380,194,130,191,966,106,7.17,815,22.7,242,19.8,410,58.6,314,251,52.4,71.2,4.74,,,3.58,28.2,15.8,12.9,9.19,3.91
"2019-08-19 00:00:00",3470,116,46.7,231,3380,1140,212,129,202,910,131,5.42,768,18.4,230,18.3,407,57.6,312,251,51.9,65.8,4.29,,,3.66,39.2,30.0,23.2,9.32,3.70
"2019-08-20 00:00:00",4200,96.0,71.1,226,2950,1010,196,132,184,890,132,4.59,767,17.2,241,19.7,408,60.8,313,251,51.9,62.3,4.89,,,3.51,26.9,16.9,14.4,11.9,5.11
"2019-08-21 00:00:00",3950,121,86.9,233,2850,1010,195,133,170,907,161,5.00,813,15.9,272,30.4,445,77.6,307,243,51.9,107,25.0,,,3.43,26.1,16.0,15.6,16.4,4.91
"2019-08-22 00:00:00",3570,219,49.1,215,2820,1010,194,129,165,945,129,3.60,955,14.8,313,39.2,421,67.4,272,210,51.9,89.7,10.4,,,3.48,32.2,17.6,17.0,37.6,3.47
"2019-08-23 00:00:00",3490,438,42.4,569,3030,1130,221,133,176,1100,136,3.78,945,19.4,260,39.2,463,92.9,302,225,53.0,119,21.8,,,3.50,67.6,34.9,31.5,50.3,5.83
"2019-08-24 00:00:00",3630,185,45.5,423,3440,1370,246,158,197,1110,144,4.67,1030,22.3,316,41.9,534,96.3,754,743,51.9,166,16.8,,,3.72,40.0,22.4,19.2,17.5,7.86
"2019-08-25 00:00:00",3740,115,40.4,363,3360,1120,207,137,185,1130,132,4.36,1420,19.9,427,37.5,1140,70.0,684,549,51.9,93.3,10.4,,,3.73,30.6,17.5,15.1,12.9,4.71
"2019-08-26 00:00:00",3490,106,34.9,284,3010,1100,192,126,171,1670,183,4.10,1460,17.5,342,31.7,463,58.7,287,224,51.9,76.7,8.23,,,3.54,27.4,16.3,13.8,11.0,3.24
"2019-08-27 00:00:00",3110,84.2,29.9,245,3440,1260,187,125,163,1440,160,2.81,898,15.4,282,27.9,373,63.5,283,219,51.9,75.4,9.27,,,3.54,27.4,16.1,13.7,10.3,3.05
"2019-08-28 00:00:00",3430,99.5,32.4,292,3910,1070,201,124,163,1040,138,2.37,830,15.8,260,26.9,396,93.5,281,217,51.9,85.8,11.6,,,3.68,31.8,17.5,15.3,11.3,3.24
"2019-08-29 00:00:00",4080,103,57.3,357,3270,1040,222,143,165,952,128,2.19,823,19.2,242,24.9,385,76.9,280,219,51.9,83.9,8.75,,,3.69,34.8,18.7,17.0,12.6,8.70
"2019-08-30 00:00:00",3440,76.8,35.9,330,2920,965,195,129,158,921,118,1.62,769,16.8,227,22.2,361,62.5,281,220,51.9,73.2,6.94,,,3.54,26.3,15.6,13.4,9.64,4.93
"2019-08-31 00:00:00",3050,71.3,27.2,264,2680,935,182,120,151,864,112,1.39,725,14.5,215,20.2,348,54.0,280,219,51.9,68.5,6.07,,,3.38,24.2,14.4,12.3,8.99,3.44
"2019-09-01 00:00:00",2700,68.3,23.4,234,2590,892,176,117,143,818,104,1.30,691,13.1,203,18.8,343,61.2,279,218,51.9,60.1,5.48,,,3.33,22.8,13.7,12.0,8.56,2.94
"2019-09-02 00:00:00",2590,73.4,30.0,232,2450,883,178,116,145,788,102,0.89,725,13.7,196,17.9,408,113,280,218,51.1,59.5,7.04,,,3.26,24.7,14.0,11.9,9.55,2.78
"2019-09-03 00:00:00",2550,69.5,164,301,2540,900,198,118,183,819,98.8,0.75,773,13.0,270,17.1,385,92.2,278,219,51.1,58.5,7.42,,,3.27,23.6,13.8,11.9,9.42,20.8
"2019-09-04 00:00:00",2610,65.9,62.6,336,2790,1380,188,117,158,842,93.0,1.52,781,13.7,249,16.0,358,67.7,277,218,51.0,59.6,5.74,,,3.35,21.8,13.0,11.5,8.44,6.52
"2019-09-05 00:00:00",2850,63.7,40.4,254,2890,1160,180,111,138,844,88.6,1.45,718,12.4,219,15.1,343,58.2,277,218,51.0,59.4,5.00,,,3.46,20.5,12.4,10.6,8.19,4.05
"2019-09-06 00:00:00",2900,62.2,29.9,217,2600,978,175,109,136,789,85.4,1.06,676,11.1,197,14.9,339,53.1,277,217,51.0,59.7,4.49,,,3.29,19.1,12.4,10.3,8.02,3.34
"2019-09-07 00:00:00",2580,61.0,25.0,204,2460,926,170,106,134,742,83.2,0.85,642,10.7,184,14.2,335,49.3,276,217,51.0,55.2,4.53,,,3.23,18.8,12.5,10.2,8.04,2.80
"2019-09-08 00:00:00",2390,60.6,22.5,190,2320,859,165,105,131,708,80.6,0.61,624,10.2,175,13.9,332,46.1,276,217,51.0,51.6,4.02,,,3.16,17.9,12.0,10.1,7.64,2.52
"2019-09-09 00:00:00",2220,60.3,20.8,183,2220,820,164,102,129,689,78.4,0.54,611,9.79,169,13.7,327,44.9,278,221,50.6,49.4,3.75,,,3.11,17.7,11.6,9.96,7.62,2.23
"2019-09-10 00:00:00",2110,62.4,19.8,181,2160,793,170,104,127,680,78.3,0.56,608,9.30,165,13.3,332,43.1,282,224,50.1,48.0,3.69,,,3.08,17.7,11.5,9.46,7.88,2.07
"2019-09-11 00:00:00",2060,57.9,18.8,180,2090,796,168,102,124,675,78.2,0.36,607,9.02,158,13.2,333,40.9,282,224,50.1,52.0,3.38,,,3.05,16.9,11.2,9.37,7.67,1.93
"2019-09-12 00:00:00",2010,67.8,24.2,179,2120,810,169,105,123,670,78.2,0.30,597,8.43,155,12.8,328,38.7,281,223,50.1,49.3,3.32,,,3.04,17.0,11.9,9.40,9.60,7.71
"2019-09-13 00:00:00",1970,61.9,27.3,193,2030,798,166,103,123,662,77.1,0.26,573,8.17,151,12.7,327,39.1,281,223,50.1,47.9,3.33,,,3.04,18.7,11.8,9.36,10.1,3.83
"2019-09-14 00:00:00",2040,58.8,23.0,208,2180,776,159,101,126,645,76.9,0.28,580,8.32,148,12.8,349,49.9,707,700,50.1,47.8,4.40,,,3.02,18.1,11.7,9.47,8.74,2.56
"2019-09-15 00:00:00",2080,59.1,25.0,206,1980,778,160,101,131,647,80.4,0.23,876,8.62,150,13.0,1040,47.4,699,562,50.1,51.9,6.63,,,3.02,17.7,11.4,9.39,8.60,2.12
"2019-09-16 00:00:00",1940,55.8,23.4,197,1970,783,158,98.5,128,973,82.4,0.20,1120,11.4,149,12.9,430,42.4,272,213,50.1,42.3,4.84,,,2.95,16.8,10.6,9.16,7.81,2.16
"2019-09-17 00:00:00",1810,54.2,21.7,185,2030,734,159,97.0,122,1100,82.0,0.17,603,11.0,146,12.3,322,39.0,271,212,50.1,40.6,3.94,,,2.99,15.8,10.2,8.76,7.44,2.08
"2019-09-18 00:00:00",1920,53.3,19.4,173,2360,733,156,95.0,116,694,86.1,0.17,556,9.20,138,11.8,315,36.3,270,212,49.4,44.9,3.36,,,2.99,15.3,10.2,8.87,7.15,1.96
"2019-09-19 00:00:00",2110,52.1,17.1,163,2300,714,153,93.3,116,633,79.8,0.12,537,8.40,135,11.5,309,34.9,269,212,49.2,44.1,2.90,,,3.14,14.8,9.94,8.61,7.01,1.90
"2019-09-20 00:00:00",2210,51.8,15.6,157,1910,696,148,93.3,113,606,79.2,0.10,532,7.75,134,11.4,307,34.2,268,212,49.2,46.5,2.58,,,2.94,14.4,9.88,8.21,7.57,1.86
"2019-09-21 00:00:00",1840,52.3,14.4,155,1870,691,147,94.4,113,603,77.9,0.08,533,7.51,132,11.5,307,33.3,268,212,49.2,42.9,2.52,,,2.93,14.2,9.74,8.26,7.69,1.68
"2019-09-22 00:00:00",1760,52.6,14.6,151,1830,696,147,93.6,111,609,76.1,0.08,533,7.33,131,11.4,307,32.9,268,210,49.2,41.1,2.60,,,2.88,14.1,9.38,8.32,7.16,1.62
"2019-09-23 00:00:00",1630,51.6,14.7,145,1880,691,145,91.9,119,601,74.8,0.07,528,7.19,132,11.4,305,32.3,268,210,49.2,42.6,2.52,,,2.90,13.6,9.14,8.54,6.79,1.63
"2019-09-24 00:00:00",1670,50.2,13.2,142,1860,679,150,92.3,110,591,73.5,0.07,524,7.05,130,11.1,301,31.5,267,210,48.4,42.6,2.56,,,2.89,13.2,8.75,8.15,6.70,1.47
"2019-09-25 00:00:00",1670,49.3,11.9,136,1830,666,147,90.2,107,586,71.9,0.04,517,6.67,123,11.1,300,31.3,256,197,48.3,45.9,2.32,,,2.87,12.2,8.74,8.59,6.79,1.66
"2019-09-26 00:00:00",1690,49.2,11.0,135,1770,641,147,88.5,107,578,73.3,0.03,510,6.40,122,11.1,286,30.8,252,196,50.2,47.9,2.22,,,2.83,12.3,8.86,8.85,7.11,1.36
"2019-09-27 00:00:00",1640,49.3,10.5,137,1740,625,144,88.3,105,573,72.1,0.04,495,6.30,120,11.2,286,30.7,255,197,50.1,45.5,2.27,,,2.81,12.1,8.83,8.11,6.88,1.24
"2019-09-28 00:00:00",1600,49.8,9.92,133,1720,621,138,86.8,103,562,71.3,0.05,498,5.99,118,11.7,337,30.2,560,197,372,44.2,2.33,,,2.80,12.0,8.63,8.12,7.14,1.36
"2019-09-29 00:00:00",1570,50.2,10.3,132,1700,620,135,86.6,96.2,558,71.3,0.04,730,5.98,117,12.5,522,29.6,252,197,45.7,49.8,2.47,,,2.78,12.5,8.75,8.26,8.01,3.38
"2019-09-30 00:00:00",1530,53.7,11.6,145,1780,634,140,89.3,104,775,73.3,0.05,572,6.70,131,27.7,313,35.3,261,197,46.5,60.9,11.7,,,2.78,13.7,8.98,8.45,8.47,4.15
"2019-10-01 00:00:00",1750,56.9,14.8,137,1830,711,146,89.8,109,677,75.0,0.06,607,7.46,139,15.8,342,37.1,274,222,46.2,73.6,11.6,,,2.86,16.4,9.99,9.21,10.0,6.81
"2019-10-02 00:00:00",1720,52.5,16.8,136,2230,850,141,86.8,109,662,77.2,0.05,588,8.22,146,13.7,336,40.0,290,236,46.5,59.3,5.87,,,2.86,14.4,9.21,8.43,9.57,3.15
"2019-10-03 00:00:00",1880,50.0,15.8,136,2110,725,135,84.0,107,673,95.6,0.05,605,9.37,138,12.4,339,36.4,276,217,46.5,53.8,4.38,,,3.03,13.3,8.42,8.13,9.15,2.01
"2019-10-04 00:00:00",1960,50.7,15.9,129,1910,673,133,83.6,107,682,84.7,0.04,573,8.15,132,6.26,310,32.6,257,202,46.5,53.9,3.60,,,2.87,13.4,8.85,8.75,9.89,1.59
"2019-10-05 00:00:00",1690,56.5,17.2,123,1870,710,131,80.1,107,645,80.2,0.04,524,6.86,124,5.83,289,30.5,244,193,45.9,48.8,2.98,,,2.84,11.7,8.25,8.05,9.59,1.34
"2019-10-06 00:00:00",1690,58.1,18.4,131,1890,646,133,82.6,107,611,78.2,0.04,504,6.19,119,6.86,281,30.3,246,192,45.8,45.6,2.99,,,2.83,12.8,8.46,8.57,9.70,1.22
"2019-10-07 00:00:00",1670,57.0,20.4,150,1900,600,153,92.0,115,611,84.0,0.11,527,7.82,126,13.9,304,34.5,251,194,46.1,62.9,4.91,,,2.85,14.2,9.08,9.66,10.8,1.31
"2019-10-08 00:00:00",1710,58.9,24.8,214,2040,664,199,127,202,676,100,0.66,635,13.2,160,21.2,358,44.7,250,191,46.0,152,12.5,,,2.87,16.0,9.04,10.2,11.4,1.46
"2019-10-09 00:00:00",1840,60.1,24.6,228,2210,708,168,119,179,724,97.0,0.63,686,14.7,219,22.6,332,49.1,248,189,51.6,116,8.42,,,2.96,15.2,9.56,10.4,11.3,1.78
"2019-10-10 00:00:00",2000,55.5,22.5,237,2310,696,147,106,142,768,106,1.19,719,12.9,300,20.8,310,41.1,251,189,54.6,73.9,5.64,,,3.03,13.9,8.90,9.92,11.1,2.40
"2019-10-11 00:00:00",2080,54.7,21.1,195,2210,710,150,94.6,130,827,127,1.07,803,10.2,311,18.4,301,36.9,243,179,54.6,61.5,4.58,,,3.03,13.7,8.57,9.97,10.6,2.12
"2019-10-12 00:00:00",1980,56.2,20.0,174,2240,704,147,89.8,126,912,124,0.87,732,9.06,247,16.6,286,34.9,235,174,54.6,56.1,4.02,,,3.01,13.0,8.40,10.0,11.0,1.85
"2019-10-13 00:00:00",1990,56.6,20.0,159,2190,688,145,86.8,121,839,110,0.65,649,8.57,207,15.3,276,33.6,235,174,54.3,52.4,3.72,,,2.99,12.9,8.80,9.72,11.1,1.85
"2019-10-14 00:00:00",1900,53.7,20.7,154,2330,675,143,86.0,117,755,97.9,0.61,604,7.89,185,14.5,276,32.8,235,173,53.7,50.0,3.55,,,2.99,12.9,8.75,9.60,11.2,1.81
"2019-10-15 00:00:00",1970,46.5,18.9,148,2260,673,137,86.5,114,696,91.4,0.58,576,7.68,172,13.9,272,32.0,234,173,53.7,46.7,3.36,,,3.05,12.9,8.51,9.30,11.4,1.68
"2019-10-16 00:00:00",2470,158,29.9,195,2040,685,149,95.0,124,684,91.0,0.69,573,8.80,165,14.2,283,34.3,237,173,53.8,52.2,4.21,,,2.96,25.9,20.6,23.4,25.6,9.19
"2019-10-17 00:00:00",2830,126,58.8,288,2000,691,198,110,178,669,92.4,0.79,589,9.85,165,15.3,293,36.4,235,173,53.7,79.5,8.73,,,3.05,35.7,17.7,13.5,16.0,15.3
"2019-10-18 00:00:00",2350,66.2,35.5,321,2010,683,164,99.8,165,673,92.2,0.78,579,10.6,168,14.9,282,36.6,234,173,53.7,104,9.43,,,3.09,16.2,10.8,9.62,9.65,3.33
"2019-10-19 00:00:00",2260,58.6,23.3,236,2010,677,142,90.9,139,667,90.1,0.74,566,10.5,164,15.1,282,38.0,234,172,53.7,74.8,6.20,,,3.07,14.9,10.1,8.90,8.81,2.13
"2019-10-20 00:00:00",2830,102,40.6,219,1960,736,141,92.3,135,672,95.4,1.11,580,11.1,179,17.1,291,40.5,265,173,87.4,67.4,5.45,,,3.02,18.4,13.3,13.0,29.4,38.3
"2019-10-21 00:00:00",2940,105,44.6,217,2150,774,147,95.9,148,684,99.3,1.25,628,12.2,200,19.8,336,39.3,287,172,106,74.9,5.18,,,3.04,22.6,13.8,13.1,20.8,28.3
"2019-10-22 00:00:00",2550,90.0,41.3,252,2220,790,158,118,148,743,104,1.48,714,14.2,231,27.0,395,67.0,303,174,107,102,11.3,,,3.10,19.8,14.6,15.6,22.3,7.24
"2019-10-23 00:00:00",2810,113,60.5,279,2330,981,188,164,207,841,116,2.27,942,19.3,320,37.1,509,106,284,173,95.5,252,25.5,,,3.18,27.9,17.4,16.7,20.1,11.6
"2019-10-24 00:00:00",2620,72.8,50.8,304,2920,1240,168,122,199,1060,115,3.54,1070,24.2,456,34.1,381,67.9,264,172,82.6,116,10.7,,,3.21,18.8,12.2,11.5,11.7,5.16
"2019-10-25 00:00:00",3010,65.6,49.1,263,2790,1030,153,103,177,1170,144,3.02,1080,19.2,453,28.6,336,49.7,246,171,62.3,87.3,7.70,,,3.41,16.9,11.4,10.7,9.95,3.39
"2019-10-26 00:00:00",3010,63.6,37.3,223,2810,933,145,96.0,152,1210,155,2.73,924,15.4,343,24.8,303,44.2,231,171,51.0,75.8,6.66,,,3.38,16.9,11.2,10.5,9.20,2.90
"2019-10-27 00:00:00",4120,312,93.0,811,3100,938,200,162,290,1100,147,3.60,913,18.3,314,48.1,499,151,261,175,52.1,267,48.5,,,3.37,86.7,58.0,54.3,66.0,150
"2019-10-28 00:00:00",5120,185,166,1870,3440,932,238,178,621,1110,147,14.8,1290,63.4,317,49.0,556,150,240,172,51.5,254,30.1,,,3.80,43.6,23.9,21.3,24.4,38.5
"2019-10-29 00:00:00",5520,104,86.1,647,-999999,920,179,124,374,1430,138,21.7,1070,33.1,321,43.0,378,82.7,235,171,51.0,125,16.6,,,3.89,25.5,15.6,15.3,14.6,11.9
"2019-10-30 00:00:00",4400,88.3,52.8,422,3490,913,161,115,257,1210,163,12.1,940,20.7,356,36.1,346,70.6,238,172,51.2,101,12.8,,,3.75,22.3,14.5,14.1,12.6,8.47
"2019-10-31 00:00:00",4830,539,146,1050,3840,1130,231,199,471,1250,198,22.8,1100,35.3,371,60.3,456,132,257,174,52.7,144,35.1,,,3.74,254,163,163,94.9,105
"2019-11-01 00:00:00",17900,1940,1220,9620,5680,1310,591,347,1880,2150,297,165,2670,190,1180,172,701,262,259,174,57.0,567,67.2,,,4.96,554,575,431,311,541
"2019-11-02 00:00:00",16200,401,271,2190,7100,1400,322,220,1060,3550,583,65.9,2950,80.8,1590,106,501,148,248,174,59.2,216,31.9,,,5.57,65.5,40.3,34.0,39.7,104
"2019-11-03 00:00:00",9900,215,152,1020,7780,2150,230,143,611,3390,453,33.8,2270,42.7,1020,72.0,411,111,244,174,59.2,145,21.9,,,5.35,45.5,27.2,24.1,24.6,44.5
"2019-11-04 00:00:00",9190,129,107,720,7940,2300,204,121,451,2390,298,21.8,1680,30.3,725,52.8,371,90.5,243,174,59.2,116,16.3,,,5.28,37.6,22.4,20.5,19.5,27.3
"2019-11-05 00:00:00",8300,105,83.6,577,6160,1810,187,113,371,1830,232,15.9,1360,24.2,574,42.4,354,77.9,242,173,59.2,103,13.4,,,4.71,34.5,19.8,19.2,16.9,20.0
"2019-11-06 00:00:00",6430,96.8,71.1,503,5010,1520,179,105,312,1510,185,12.4,1160,20.5,486,35.6,337,69.1,242,173,59.2,96.7,11.5,,,4.35,31.2,18.4,18.0,16.0,15.4
"2019-11-07 00:00:00",5340,88.0,62.4,449,4290,1360,175,,281,1330,161,10.4,1050,18.2,426,31.4,328,63.1,242,173,58.9,89.7,10.1,,,4.08,30.5,17.8,17.5,15.1,13.8
"2019-11-08 00:00:00",4660,89.2,60.8,429,3800,1240,187,99.8,299,1200,146,9.35,968,16.9,381,28.5,324,60.2,241,173,58.2,102,10.4,,,3.90,31.4,18.2,17.7,15.3,14.3
"2019-11-09 00:00:00",4190,81.3,56.6,424,3560,1130,182,96.2,273,1100,134,8.42,903,15.3,348,26.1,316,59.3,240,173,58.2,102,8.98,,,3.78,28.3,16.8,16.5,14.6,11.2
"2019-11-10 00:00:00",3840,79.2,54.3,393,3280,1070,173,92.8,249,1030,125,7.41,860,14.5,327,24.7,309,54.8,261,201,58.2,87.6,8.35,,,3.65,27.5,16.6,16.4,14.7,8.30
"2019-11-11 00:00:00",3560,77.9,51.0,360,3070,1020,166,93.8,233,982,119,6.47,835,13.8,312,23.7,339,52.6,293,226,58.2,86.1,7.86,,,3.56,26.3,16.0,15.9,14.1,7.92
"2019-11-12 00:00:00",3490,82.6,52.3,345,2930,987,165,92.6,224,954,115,6.20,852,13.5,291,22.8,362,51.0,265,191,58.2,84.0,7.82,,,3.49,28.3,16.9,16.8,15.0,9.26
"2019-11-13 00:00:00",3290,78.0,51.7,335,2850,944,161,89.6,214,958,111,5.92,822,13.1,276,21.6,318,52.3,238,171,58.2,91.2,7.51,,,3.44,25.6,16.0,15.5,14.3,8.78
"2019-11-14 00:00:00",3170,73.9,47.4,320,2760,922,158,88.1,202,921,107,5.37,755,12.3,264,20.8,297,52.3,238,171,58.2,81.3,-999999,,,3.38,24.1,15.4,15.0,14.1,7.30
"2019-11-15 00:00:00",3050,73.0,45.4,303,2730,901,155,87.8,193,854,104,5.02,734,11.8,255,20.3,295,50.1,238,170,57.6,85.3,6.81,,,3.37,24.2,15.4,15.1,14.2,6.27
"2019-11-16 00:00:00",3030,73.0,43.9,293,2630,889,149,87.7,184,834,102,4.67,722,11.6,246,15.2,294,50.0,238,170,57.3,80.3,6.67,,,3.33,23.8,14.9,14.7,13.8,6.19
"2019-11-17 00:00:00",2880,71.7,43.7,278,2440,845,147,85.3,177,818,99.8,4.37,707,11.4,237,14.3,294,48.7,238,170,57.3,76.8,6.19,,,3.23,22.9,14.8,14.4,13.6,5.53
"2019-11-18 00:00:00",2650,61.2,42.3,272,2510,869,148,83.8,176,807,99.3,4.08,705,11.1,239,19.1,294,45.3,238,170,57.3,74.7,6.27,,,3.26,23.9,15.3,14.7,14.1,5.21
